channelId,collabo_level
UCeil9itBhrT7b1J3EylPdyA,5
UCeaZjnVTc5q6rNOBNzj26Lg,5
UCFJiU5Q2tb8nTkt2h3yaSFw,5
UCUG0EfG2NA_Bc2U8nJEeesg,5
UCBKzNNiJV88UX2i7-vbEDsg,5
UCeWb8YN2qD-nwM1QNFIYbUw,5
UC3jC1ep40tUfLSsN0i2zQKg,5
UCgUHyazT6FS6QWYmw0rlW-g,5
UC7qemBGRFW6o2FZPKhZhv9g,5
UCcdcxHO11d4ZNyu2Ph_OQFg,5
UCKhmObAF1UtqnXQUSRB195w,5
UCebEOWSGmXzgU_MtEN3dQKg,5
UCK71Xa8yBHllg1yUhD0v6Iw,5
UCyopqN_GraPxU1rWlt_Axyw,5
UC7YWr5lwet-_0af_cUo35Kg,5
UCto-Js_wBR623myy5eL7low,5
UCaa7x_w40FSFvnyTpfsU_eg,5
UCKnNsqQ2TeshnCrI9oJ1XEg,5
UC4C4oU1Onro8-J_Sck-lQwg,5
UCQ63-05dqMipfPlB2mQs91g,5
UCoC8cjEDtwQG0PYB3WLbMbg,5
UCb3tuQAv8tEYFW7_QdgM--A,5
UCknMBjGzmKpcMnu5IXApk5A,5
UCgbVwE75qZoBii_RSE9wYaA,5
UCynAF4CQkoAmVDPizZQNbCA,5
UCIy23K5bEJ047ZRto_RSMOQ,5
UCYbPpfX_kDevsHgUl4chgrg,5
UCBSzb7D9ylJKLH8WHaHn4hg,5
UC-JMcp7uJGMfIcnnBbqJoSA,5
UCweZ44TrrbukxZvGaSO0hjQ,5
UCa3z4GKzjhGNNP9XCqctGmA,5
UCpQkFjlL8e_Z0klcZevI1cQ,5
UCN00mjuLh6fXZpf-PTVXEzg,5
UC2ipRk9sIWR04X-a0_m3lGg,5
UCzpTZi5TDzfFp7TT6LxraGw,5
UCdAB5G-crAtj363Sh6JUk9w,5
UCseHtRp3iZxk-iHDvkDJtPQ,5
UCPoEbybnhgG_ZbjtSiu-sLw,5
UC64lAAAboDtVyX5DohKvVnA,5
UCgIc6Sw7WgFE8NHukYFxhug,5
UCgsj8Yt4lp7MYk6Zbk104CQ,5
UCFR0X75rua1_CJn3oGfVllA,5
UCV2qgpkQnRfLVV9wGmd-nAQ,5
UC7gOcGgQmvPgeuDIBlahtTQ,5
UCkMIXzuN4Ilij7dpPrvzg_g,5
UCIYJG2GEjkbB9LUfnAxaitA,5
UCYP4uwUUlKk25zty-mGo_eg,5
UCBDqklAFOTUC3A4_1bGrgOg,5
UCwGF1XNtpbZ3uf_C9Q1oBHg,5
UC_v3obb9USAvu-sof6EWoug,5
UCnpg7MSKCu4ATXFtKXHIx9g,5
UCpAxlk21vbmiFMi_iYHjQ1A,5
UCMPGW-nQZ7iB4UFx5MaBxMg,5
UC2MkLU3GCVJpD58pSkP18Nw,5
UCzaqkqp-3Mwpg_HHE8BQ1BQ,5
UCch9aXDxcovohRtFCYlWLkw,5
UCryGmcxRu8mLMHKeGNrhspA,5
UCPVZX6S61CA9WNqNLH7Mtfw,5
UC5cLyxwU-kuuAWtMdBa6fQg,5
UCfxn5cmOYnC2y6Qpb2TQgsg,5
UCgcuZSUbtcF5FisObshWjTQ,5
UCvdy7sHIXe1nTTO46pt2mhA,5
UCF3Tx4phmHPBTW7DmtBgCxA,5
UCUO-qF1RHXlACVv9Kk6tqQA,5
UC7R2tH4OhJE5Zt6L4N6bOnw,5
UCjvyoUkplkR0AE1YDZ28pmg,5
UCI8e9ezdnCo0XCMxD3T_tGQ,5
UCY-Oxz5wxsT4hwbRjql7dBA,5
UCAXPDnlQ6vzokSt5s5Ji8Cg,5
UCnQEMRzHlnA_8kuOMLfwGoQ,5
UCommFt58qGRFrYHJmsmUfBQ,5
UCLpSSw-OLQM9xCEbyEmFstw,5
UC1xfK2bcKqZ13nDRs0u4iFQ,5
UCzLZXm8ydCqmu-ZDc9BzRzA,5
UCcUzP93p_BEG6mCe-KCXHXQ,5
UCrV6FA8HhfxOagxDNsD7nzA,5
UCPF3i4x4SlmPubGVyCH6dNA,5
UC5JJf9l3VpQ14KOPDL8pbjQ,5
UCfWTh9yA1kDdtu7rz5WVWiA,5
UCuraTuAEKRXePTeyJDOlt-w,5
UCEYk401LPdxlAdSGtyrU7Mg,5
UCTtQ-MDpxl0DEKJige2SZWA,5
UC7Dnvsvhbk9bE5njFbLIqTA,5
UCjZFp8Nb_A_DwDpfSx-KaEA,5
UCHgEJRKrGLo6_KQebRvkxXQ,5
UCXph8kapJX0cvQmGjsBbzRw,5
UC9xcn33zRbepmrOa2XH_VxQ,5
UCmupcXAaBQSkuNdmYAkLWGA,5
UCLNIbYQkp3qIbLY-gzvD4kw,5
UCDlTygk6Sjno2bnntb0xsVQ,5
UC1JdXcThr1jzytcyEctMrXQ,5
UCz2xefa2pk2JbnqdMJCZeEw,5
UCc29AsHSgL2934BI56IgTAg,5
UCrNuaBMd4TYpOZ57xDl8cuQ,5
UCOxohJIhH4EMGSKIaXmIueg,5
UC4npTd2MGMpuLXol2egY2hQ,5
UCf05GN5QVWP1ePdbcrogfAA,5
UCuJSjf9iVpdNR-xuK--t2PQ,5
UCEDpcNnJydwdGHbrOx-SKMA,5
UCSAHr56RH8xzNUpwAw4JClg,5
UCc29AsHSgL2934BI56IgTAg,5
UCrV6FA8HhfxOagxDNsD7nzA,5
UC84G0T6eFAYrfh_p_9KJn4w,5
UCQ5IYZuvmxmpFyGFsfsRYAA,5
UCf05GN5QVWP1ePdbcrogfAA,5
UCuraTuAEKRXePTeyJDOlt-w,5
UCwGF1XNtpbZ3uf_C9Q1oBHg,5
UCBSzb7D9ylJKLH8WHaHn4hg,5
UC07Ox8mQhE-bROLNbUOy2BA,5
UCFlciQKZV_Fwt0M9vDGVU4Q,5
UCVR2DKV36RXn9Zp2JegHZ6g,5
UCjEF5rZAzE4Axr2Q8D9PVbw,5
UCzaqkqp-3Mwpg_HHE8BQ1BQ,5
UC3VccIEjAhMMShVB6RPAJ3g,5
UCIy23K5bEJ047ZRto_RSMOQ,5
UCYbPpfX_kDevsHgUl4chgrg,5
UCmh10uD54YnTzDCTdyeCmCQ,5
UCN00mjuLh6fXZpf-PTVXEzg,5
UCb_He6SSh4YjKTLXAoVeVng,5
UCrNuaBMd4TYpOZ57xDl8cuQ,5
UC7gOcGgQmvPgeuDIBlahtTQ,5
UCPoEbybnhgG_ZbjtSiu-sLw,5
UCegFQTNyFwva_1SD4DQAoaw,5
UCuJSjf9iVpdNR-xuK--t2PQ,5
UCBDqklAFOTUC3A4_1bGrgOg,5
UC-rOEaaqTBZKIO6jSdXpdPQ,5
UCFR0X75rua1_CJn3oGfVllA,5
UCV2qgpkQnRfLVV9wGmd-nAQ,5
UCisn8Bft-vl24GIVJHUspdQ,5
UCzLZXm8ydCqmu-ZDc9BzRzA,5
UC3DAn3SqfD81mbVZuW9igUA,5
UCIYJG2GEjkbB9LUfnAxaitA,5
UCYP4uwUUlKk25zty-mGo_eg,5
UCmQDLvbTP7HlH5pANE-HU0Q,5
UC6SYWBb8lhHYKybg9Ppr56Q,5
UCMPGW-nQZ7iB4UFx5MaBxMg,5
UCbF5xOeqwFJuiV5YIBohqtw,5
UCr9QqMJnfoGggw9k_aKbejQ,5
UC7R2tH4OhJE5Zt6L4N6bOnw,5
UCPVZX6S61CA9WNqNLH7Mtfw,5
UCeJWc7XvjRPA21ONtpjKoig,5
UCu0mhy-70kx9QiEFHa78C0Q,5
UCAXPDnlQ6vzokSt5s5Ji8Cg,5
UC-JMcp7uJGMfIcnnBbqJoSA,5
UCF3Tx4phmHPBTW7DmtBgCxA,5
UCUO-qF1RHXlACVv9Kk6tqQA,5
UCiLS0fmHp1o8CmnZ3ZZr3CA,5
UCz2xefa2pk2JbnqdMJCZeEw,5
UC2ipRk9sIWR04X-a0_m3lGg,5
UCI8e9ezdnCo0XCMxD3T_tGQ,5
UCY-Oxz5wxsT4hwbRjql7dBA,5
UCm9AGKrsZ53TkKmSrHo5Q_g,5
UC64lAAAboDtVyX5DohKvVnA,5
UCLpSSw-OLQM9xCEbyEmFstw,5
UCas9JFWZt89nd60bwI6CgIw,5
UCqvd6XtslWgRbonU-1WdrPw,5
UC7Dnvsvhbk9bE5njFbLIqTA,5
UCPF3i4x4SlmPubGVyCH6dNA,5
UCdzKTwB9PsvaKZ7Mvrqv_tw,5
UCtkGOznk3wMW5fjmbbsvqEw,5
UC9xcn33zRbepmrOa2XH_VxQ,5
UCEYk401LPdxlAdSGtyrU7Mg,5
UCTtQ-MDpxl0DEKJige2SZWA,5
UChgfPYHfd5ro0vJ5NxWYraQ,5
UCyg4IhO6RfXOND36_NsDq8g,5
UCDlTygk6Sjno2bnntb0xsVQ,5
UC2MkLU3GCVJpD58pSkP18Nw,5
UCHgEJRKrGLo6_KQebRvkxXQ,5
UCXph8kapJX0cvQmGjsBbzRw,5
UClUo-eYzNkmoTZlzPRnqhHg,5
UC5cLyxwU-kuuAWtMdBa6fQg,5
UCLNIbYQkp3qIbLY-gzvD4kw,5
UCaXfFDauhubIgmaTKxM74Kw,5
UCqLZDMiaJ5FF_y4LUOudTnw,5
UC73svGt-9X7l75jQKU1DesQ,5
UCOxohJIhH4EMGSKIaXmIueg,5
UCdfGI5MQJAFRRYtrq21ZhQA,5
UC--CIQrRRGbLzEtp8ovlAzQ,5
UCEZfq7r0TTYNzh-p9E1V1ZA,5
UCTyUsII-tj-smDn-Tg80HBQ,5
UChof6rqYzGhrcp_un351UYA,5
UCykD43xGFVhUfaOPPVcW4ow,5
UCDrUFPA9BKysAjs67vFIsoQ,5
UC2PUfUZJtU18cg96J3XJgGA,5
UCHgNZ1lX6BC8GKaOMz00n5g,5
UCXqwkK6zlTYYRNlUbo21YuQ,5
UClWJRvckX0yceoxeMfT3u_w,5
UC5csJ6hBMLhxBAtJ7Mi0BsA,5
UCKnALOlQPa3LqmeNWLHXsyg,5
UCLR94qSiVaa0LJCJnIXjEjA,5
UCaXng-3y1HCwt1si1_LxbzQ,5
UCqMq7MTkHtPxV4SFS1c3avg,5
UC74254idDopreMMQfNIsJFw,5
UCOz_fVpc37kqihEyVCFpUwA,5
UCdgOSBjmlwtAxD-YaCUYBog,5
UCtZLGUPq7kEwND1Np2gfnww,5
UC9lxsXEP21vE0px26MIFGzQ,5
UCEE4OQE-eA21Nw-qJ1y4szg,5
UCSGqDhOPFzJK2D4oUYkalFQ,5
UCTVMnM8tDj2i89dW7P8e2oA,5
UChFietWerysB2rBdXGhgqIg,5
UCD7Pg0uHDSGf5x4EYReopQg,5
UCFncs-T_n2Ksf1DBxRstfnw,5
UCzPD-dR4cpqI6ZmoTbXnkMQ,5
UCOz_fVpc37kqihEyVCFpUwA,5
UC3XmKwcr-yu-95SNpJCmU9A,5
UCkzmWCL4qOto2r95Cq-lp2Q,5
UCJ00vdVuPm8ufB-0HfOloiw,5
UCSGqDhOPFzJK2D4oUYkalFQ,5
UCTVMnM8tDj2i89dW7P8e2oA,5
UCaEdceStRN3CtmPXatBJ9Dg,5
UCrAsByHNIFObjr2sEaZHkCg,5
UCXRzzmbGgGG-_EhP7gO7oEw,5
UCdHS6wIAM39eYA4I7MqTKmg,5
UC9A0EMtmMKa6J_jL0Hkez8Q,5
UCu1_73AvVJDc9wtnj6s5K-g,5
UCL63Oxzwe4MdW8LI5PjNdxQ,5
UC-vawMwEtWJ6u9adL2uclbg,5
UC_fuqq56nJIrdSzE28xqqcA,5
UCgKH6CVq4FVesKl5tU9sCvQ,5
UCgunVdIAaXrmrpGTUlp5nOA,5
UCCYiIDASgcdkIDUwLR96E_w,5
UCFROaN5dGbTyhRrQ-gbgw-Q,5
UCz53UxD7tpEaivAiAKpnt8A,5
UCOTDGe0lTih6b_CJBB0QSEA,5
UC3FjRa6yosUtAHbgDiCJf1w,5
UCkNnf7-5rapGB9BjGuWmkVg,5
UCIfJiWRwKhXCjPE51dbMqVg,5
UCRnlHD29u4VKrpaiQV-tTTg,5
UCT6xZ4pOfK616UxefeT4MAA,5
UC_wsLBhgvAeTR26RaaL6RRA,5
UC6SsfvvMYXGRVryQkR_9jIA,5
UCnvWhhn-664uanduufPAHaQ,5
UCqxh7kouL_TNHgAemJl_4Dg,5
UCXDnVkyVFd1Q0S4ujwalhsQ,5
UCcniKxCKKgvOX1LSD2mDxAQ,5
UC8XPv5NUWv-aMhSBpdKlK0w,5
UCKo08nUrGTg_YN1gAliFnDw,5
UC-QiTPDr_mwFVc3LYsdsM9w,5
UC_6Ai8svBvpMEqRdCH8QhhQ,5
UCg-6QPXOQrZs8sHw8nwAyvA,5
UCgfToRN_MRy3Mg-W8JkHwgg,5
UCC0c-R_BhUyMizcizq0bd1A,5
UCF4YCopTckUNvkXuZ0d56LA,5
UCykD43xGFVhUfaOPPVcW4ow,5
UCO7W5qQHeD4FmNi_N5U0_Aw,5
UC2kI5KnUHmqsPg9eKn9zaIw,5
UCjzxki1q58U9_Ehc3s6HCww,5
UCIEdPuZ6wpvFvD2H5UWtF4Q,5
UCR0auMM-Gm_iDz2M3xyYR5g,5
UCSRKMpCknDJ1vX8C5KQ1V_w,5
UC_k1itxLnmYvdr9sRUr9g2A,5
UC65woet7p7bhcjHtSbtlWQw,5
UCnRt5U5gy0ZHSDzCq35-Czg,5
UCqMq7MTkHtPxV4SFS1c3avg,5
UCWYx5kGj1pJgOHExe9-jW2w,5
UCcXfPE9zBfFfAR-1wGpdPMQ,5
UC85lV6xJp3YZEaAFIK8c-EQ,5
UCtZLGUPq7kEwND1Np2gfnww,5
UC--CIQrRRGbLzEtp8ovlAzQ,5
UCZp_9ppEu_2pKxdPkvb3M0g,5
UCf_URK1Y-rzOkOCh5W-gNEg,5
UCgQ8dMFghGGI-s6scZb7HWA,5
UCBUIvESz_0qqu4GQVuC5lew,5
UCEZfq7r0TTYNzh-p9E1V1ZA,5
UCyS4v76WqVn_Kr8QmRMczsQ,5
UCNhiCwqhYJhgspDYuxC1zDw,5
UC2PUfUZJtU18cg96J3XJgGA,5
UCj_PHKHyNf3n3n8sx-RQq-A,5
UCHgNZ1lX6BC8GKaOMz00n5g,5
UCQayVL_me65JC039-a0IxMQ,5
UC5csJ6hBMLhxBAtJ7Mi0BsA,5
UCmwWERrmDlkS7KnhhCjmBJA,5
UCKnALOlQPa3LqmeNWLHXsyg,5
UCpqttPZc25qyMvoVwJr5g0w,5
UCVoy18lGumhD12_VxDz6new,5
UCcHtINDYP16fkyYslerYbDQ,5
UC7hYwJ0qChPWo9LUocv2ufw,5
UCtBfuuza3UAB4oLd-4gS4bw,5
UCZMjPDuUrp0pY4uem1cKoZg,5
UCf3sSkQuImy9RE9ViZ9VeZQ,5
UCEE4OQE-eA21Nw-qJ1y4szg,5
UCy-IvSbceOdYvTYRoD194wA,5
UCNKNK1aBkc3kQiapyL73pvA,5
UC21DkLrQeAnUVokuiKTYVQg,5
UCjEWzu74hLc9_7if3_LnXqA,5
UCHWYV-Ak0kYQq5vIXSqhnGA,5
UC5M2MQxRQFDZZOLeUt7-9pQ,5
UCmhkoqslbILzPctxisiAHzw,5
UCKR1ypkrizLHtDjyHdil3Dw,5
UCpW2XVC5Rh3mhDWyUGYXsGw,5
UCVWyIZjJFuKDKAncFbl-_dA,5
UCbcvWPWVSpghOhXQS_fEyBQ,5
UC7SlaxqTvy-zoFbacWeJX5w,5
UCseNwiLvi8mpWBUW6TXZOsQ,5
UCYl2qeRPosUnc-GAmk6K1cQ,5
UCehSCs9QPvaoM7BkYXPQt_A,5
UCArKBbOt88mxWllNspl2Kog,5
UCDv5CmuUDjFwj0VQqRftMyg,5
UCxOOCKQro6YbaUeF5BTl0sw,5
UC8XPv5NUWv-aMhSBpdKlK0w,5
UCmVYJS_UqCqfddBdd9VmluA,5
UCYl2qeRPosUnc-GAmk6K1cQ,5
UCC0c-R_BhUyMizcizq0bd1A,5
UCbGZT-jq3oxejrWs_tHlmqQ,5
UCN40P43BvEIYpAVdTEyCYcA,5
UCyS4v76WqVn_Kr8QmRMczsQ,5
UCqxh7kouL_TNHgAemJl_4Dg,5
UCFxbaT9p641fEpdbo693Y1Q,5
UC21DkLrQeAnUVokuiKTYVQg,5
UCeLPO2IO7I-lmsx7ayM_q9Q,5
UCPpR6r_EVokN1w98dx_GiMQ,5
UCJUFRFcMxdqwFX-uPh4WJWA,5
UC5M2MQxRQFDZZOLeUt7-9pQ,5
UCiOtIn2_8ISkDEsTCufle6Q,5
UCV4K1iLzMgb6m4SNNsDghIg,5
UC85lV6xJp3YZEaAFIK8c-EQ,5
UCmAvfhAXTO7yB-2iTlWXxnQ,5
UCYT8a--RSMKRcZaMHjzLSTA,5
UCBUIvESz_0qqu4GQVuC5lew,5
UCavP2MzniLiZq-SHFAmbUaA,5
UCMPlMLqUx__pQcIpUnYtVnQ,5
UCy-IvSbceOdYvTYRoD194wA,5
UCqMq7MTkHtPxV4SFS1c3avg,5
UCFncs-T_n2Ksf1DBxRstfnw,5
UC1Je5rfcripQtpev7f-1Idw,5
UCe0CFJc4yalRNqArOZMT_sw,5
UCPa8U89SI8vVRkMaLUaBrUw,5
UCtZLGUPq7kEwND1Np2gfnww,5
UCJ00vdVuPm8ufB-0HfOloiw,5
UC4pwGqVlUF1FgcmxbzlLuzA,5
UChof6rqYzGhrcp_un351UYA,5
UCUPZ3u34tc0zojI8B7YO7vw,5
UC7hYwJ0qChPWo9LUocv2ufw,5
UClWJRvckX0yceoxeMfT3u_w,5
UCY-rzz8F3xdJ9NS3Y5iAGjw,5
UCawAcSYAOvEwG1IUKbqqzTg,5
UCMTj8Rk42EcHrW2vcQbWApA,5
UCy-i_Sla-CIBO4GbjGpb-FA,5
UCqMr97bDnfo2UtgL-TtmP5w,5
UCFpxoltilHCmuHWeERqsUlA,5
UC1O739Bs_hJN35_doH8nwUQ,5
UCe10vwfJ2b9EQh6XX2WXE6g,5
UCPcgHU8AxygP_v48XR_vIMw,5
UCt_bXa2tlZvxKgp4nYoPs-w,5
UCJ3BfL7iG42dKhfI7iT5MDg,5
UC4tdzXb3MRGMw2gMS-QnmPQ,5
UChpJY_G_fRTsD4wk9R8m77Q,5
UCUSa7U4kyoQsHpTqlk_NKFQ,5
UC7k3n2gEK9MZk9F1WMNgaqg,5
UCl_TEptbbaYAim2iHZl6KYA,5
UCY1AtKv8VBRjiANSSwd8DKg,5
UCBLD5wLVqtZYINkVBKkftbw,5
UCaXySHXtaqrSKbywrEtiuNA,5
UCLuyrUQPIjGkqID9UlKUP2g,5
UCxbEI5hGWOtptD75WQG5Y7g,5
UCpqzHLkCbbta9ZBtftVey8g,5
UCFRdPgl5HuceqfRXcFZuYBA,5
UC10Hvs8hwlKbERjpkHTzEWA,5
UCdh0TIw8Q1hlsC47kiDwYTQ,5
UCPGJPhu6TDKAC4LplHeV32Q,5
UCtCRh3eTrbeK13IlhK0H1Vw,5
UCIg6hBWS00pGZI-gYi9-M0w,5
UC4aZLkAT3S4ja3MXnicYZzw,5
UChNMNhBIsh9EghGbTyu87mg,5
UCU48uidUFMxYdZl3a8Qucgw,5
UC7WY5VP-P-rSb2ES5npk8yA,5
UCl-Pgffxz0-eA0fD1DZpQWA,5
UCXrRkb7n5aXAxFSetfpe29Q,5
UCAuoR0B0b-XTVdcIdmMWkGA,5
UCaFWs1xar3vB04371S5I4WA,5
UCLbdQ6PJWLSMWvU7BT_9mIQ,5
UCwod2QcjaLFpoElTgl6OMAA,5
UCp_SG-UqxEXM2BpjR09tOVQ,5
UCF7LiOZTkl9FGsJ8Pb5d5CQ,5
UC0m3XWBdDMfPWtvb_fmb2DQ,5
UCdKKxVykJB_NKiq9_4fwllQ,5
UCP-fTjLoUt766QEsfPwP6dQ,5
UCzwyhWlTC20nKm9SILweDvQ,5
UCsg2pWGJveeTKAGVSww05tg,5
UCIG6nYR4TvGxWOVu4G7LKIg,5
UC3qm7Q7Yv0qKRZahNLgSCxQ,5
UCgPXVwqMR-V0BATLQxcG_bw,5
UCSR5AlIjG-8rW9-13vVRSGw,5
UCgyxG91nNr1hO4nsu2b6GxQ,5
UCTVwwF_s0_CWwOUz-7GCHww,5
UC7FGLDApN_sQ8Fx3LTR5B-A,5
UCkQ9FRFX_ibAc0w8qDxxaLg,5
UCXSQDlS-1HBYpPxLh94wOww,5
UCA5ODvtKpKovwxMGPN-MByg,5
UC_xOxUThdVbmv8je-bPgDtQ,5
UCL6IYRvgYLT1Raz4ACA4U9w,5
UCwJHP0MXj9ICevE6P4BxNfg,5
UCo5Sde9nnLl6Ip_hTHqqvLg,5
UC_jRgCMcNAXH3WQJ70Doz0Q,5
UCpEukF9mvSIdjym0X1V4FEA,5
UCEawwbJ-n-SFe-6VSkzLwFA,5
UC0DJwI2MAZgLIV646TZfuJA,5
UCDt10WTxSTPBpR4ulcLZz1A,5
UCcqEON3s2GXnReyYQEKIutg,5
UC9AHbjW6O5c0NNTu4cJzhUA,5
UCl_TEptbbaYAim2iHZl6KYA,5
UCQcv_kvdpzs4fF8JUrxGFcA,5
UC-S8ogMEDLbtXwekjCzZzFw,5
UC_jRgCMcNAXH3WQJ70Doz0Q,5
UCaFWs1xar3vB04371S5I4WA,5
UCCg79cQV8I571YIFVz0lpBQ,5
UCpqzHLkCbbta9ZBtftVey8g,5
UCG2FABSuQPWhTIOJyi5ZbEA,5
UC2kPnsU0XgIEtRqqpZkM71Q,5
UCdKKxVykJB_NKiq9_4fwllQ,5
UCtCRh3eTrbeK13IlhK0H1Vw,5
UCJV1cLu1tmzD7flTYZKx3Iw,5
UCT9NhTOL9ZCehEIxR7RU8mQ,5
UC68G7CKwETqspxyNeMb7FiA,5
UCgPXVwqMR-V0BATLQxcG_bw,5
UChNMNhBIsh9EghGbTyu87mg,5
UCy-i_Sla-CIBO4GbjGpb-FA,5
UCNKQNXY1wnOYF_ktNxUa7gQ,5
UCXDy3Bx-VDX96Z_24c9zrAA,5
UC8XeoIt9w0GdZPOYbFeNK0A,5
UCl-Pgffxz0-eA0fD1DZpQWA,5
UCQAGqfc_0fzzaPQLeR-lxtQ,5
UC-2KsGcREpW1DWH29PEudHA,5
UC_HWSkQFp0JUWG0p3g6IK2g,5
UC_xOxUThdVbmv8je-bPgDtQ,5
UCC3_SXQqnyEdHEOUJDa3kTQ,5
UCp_SG-UqxEXM2BpjR09tOVQ,5
UCFpxoltilHCmuHWeERqsUlA,5
UC2QaW4QAbBVI61ixh8TJ3Og,5
UCcqEON3s2GXnReyYQEKIutg,5
UCsg2pWGJveeTKAGVSww05tg,5
UCJ3BfL7iG42dKhfI7iT5MDg,5
UCSWR1UQElOYPr26Y00lqfwg,5
UC5gRDZyHF9TTotk28E5ayPg,5
UCg1PmOrs_mR1-hAknJCwFqA,5
UCgyxG91nNr1hO4nsu2b6GxQ,5
UCxbEI5hGWOtptD75WQG5Y7g,5
UCN4vXRPq2rmZ9wq1mIYDGsA,5
UCWeOgt5RZlbqQldkR2ziLkA,5
UC85p70c36OfpwaL8qRjzWNw,5
UCkQ9FRFX_ibAc0w8qDxxaLg,5
UCPr0btfTlrGSq-1GMiMfGxQ,5
UCZpkDnh40HJ8e1nyKkl1Qgw,5
UC_k9C3wHGewRtK_2BKPw4vw,5
UCBWi2qk4NclI4oKa-DWclgw,5
UCo5Sde9nnLl6Ip_hTHqqvLg,5
UCpEukF9mvSIdjym0X1V4FEA,5
UCFRdPgl5HuceqfRXcFZuYBA,5
UC227tEALU39L5A5tQA6z1-g,5
UCcaUEZpWUIq92rJ-de5uZdg,5
UCsABPC_SPKUaf7BkZGs4wbQ,5
UCIg6hBWS00pGZI-gYi9-M0w,5
UC5Nl5wqw8DppRRS0I9IibfQ,5
UCfcMCHWc7DmnuLuusOZI_aw,5
UCgfc3mO92q4dxYHhMZlLTKg,5
UCvoANwH_p3uGHlWO_zWUI7w,5
UCwod2QcjaLFpoElTgl6OMAA,5
UCMTj8Rk42EcHrW2vcQbWApA,5
UCVpT8wQ23B6Jn3m7gA-t99w,5
UC7k3n2gEK9MZk9F1WMNgaqg,5
UCk-xXFv6nkZriH7Bepb7Ldw,5
UCzwyhWlTC20nKm9SILweDvQ,5
UCPcgHU8AxygP_v48XR_vIMw,5
UCZQzXAz_4-ea557GQEP-KRw,5
UCBLD5wLVqtZYINkVBKkftbw,5
UCnSzUNybG2W4PQhGCD-U38A,5
UCoqrXGA7TX-sLT6IG5P5QZw,5
UCF7LiOZTkl9FGsJ8Pb5d5CQ,5
UC1O739Bs_hJN35_doH8nwUQ,5
UCcIzAN1Nv56oZysr3A-U41g,5
UCra52dSKP-vIlQbKx7dh8nw,5
UCIG6nYR4TvGxWOVu4G7LKIg,5
UC4tdzXb3MRGMw2gMS-QnmPQ,5
UCfA-_1xgih-wMYhJ5jcG8Wg,5
UCgRwoZjk7TLb5MctlGQbYEQ,5
UCushby-vMiJgdpqNhE2GbMw,5
UCwJHP0MXj9ICevE6P4BxNfg,5
UCLuyrUQPIjGkqID9UlKUP2g,5
UCVY0X5laPEw50vMBvNlG8Jg,5
UC7WY5VP-P-rSb2ES5npk8yA,5
UCjh8GJzi8QfERgZJn6UVlvw,5
UCzhSDVgyLs8FmpT0z4UlWSw,5
UCPGJPhu6TDKAC4LplHeV32Q,5
UCYoV2ORJs7IDcX1N86Dj7iA,5
UCAuoR0B0b-XTVdcIdmMWkGA,5
UCn2ZGw8JR73mnDSkJlQEcCw,5
UCoE2SdHT1Bk7oRXD4QHKWqQ,5
UCEawwbJ-n-SFe-6VSkzLwFA,5
UC10Hvs8hwlKbERjpkHTzEWA,5
UCbdRgu5SIbaYBPv8_SkUIEw,5
UCrPOKftSHpTBWpsMOHcU-Lg,5
UCHh8YgBGDHw4tJx9opCx3aQ,5
UC4aZLkAT3S4ja3MXnicYZzw,5
UCuTvfXFqvk4jYDyVZAUos8g,5
UCvx49rHn3BZof5hlwJqSs_w,5
UCLbdQ6PJWLSMWvU7BT_9mIQ,5
UCjhX37E0Gttgabf6NuywEpg,5
UCzmgkiEtmxPOMKlqP-ThdTA,5
UCPHrqNH-xTdluvJOfRsU0WQ,5
UC3qwIP8oaDnaGH313D_KgBA,5
UCJwI5OB7wMX_tw9FKM-ENOA,5
UCZpszs4x7JjZXOoJYjZ63Nw,5
UCfewTEIAUwUUcEvkZ4OcVdQ,5
UCv8djfekF-GsPNywhCOlKYQ,5
UCy0N162ftrJ2F5H1IyYnA6A,5
UCNt_-TuMGZxyYLIzerXBNkg,5
UCjhX37E0Gttgabf6NuywEpg,5
UC7kiR8rqM9ojRPLYXV-wa-A,5
UCQejnt7-QrfuJzZrtVeGiyA,5
UCn5DoFWrjHhMtD5czTRQlsQ,5
UCoHE2EF9Yyjd7aF01w-4nKA,5
UCBNeqMlQ0G7WnaiN3iF-Tpg,5
UC0KGhiH0jj4C56Wt_McL99Q,5
UCGFteZphdMTdEnlbuRpe5UA,5
UCVwYCJIcKru_15r-CPGveXg,5
UCcJJr7OiJ7LaFljPesvU4ZQ,5
UCrQnn213QtS65_bNM33-ikQ,5
UC3cAtBDebivbwUqXRjd3p2A,5
UCJVSMBpI9KPcfxN47x02fKA,5
UCZSCGEcUD5sekIsc8MgeSVw,5
UCfAR5VKJL1nj-lSotjFB13Q,5
UCu_3887V1w_sw7o_ADZ3OLA,5
UCxdD0l9W5EyNMsKc4usTMZQ,5
UCNOMainYSXUudqKf2Qx_gAA,5
UCjHY2y4q1SKX9Pi4KUuIwjA,5
UC7WiEMYYclGCpxppbxEvbJw,5
UCQEpknY-LsmiR5gG3hdKxYQ,5
UCmknLFQkbPiHu9uP7fxI_7A,5
UCAzcKZLOpSCghxKrqNGZMMw,5
UC-wZpxe-sOkaJPAL88F4nhg,5
UCFrNQwHtywjFgiIvR40leNw,5
UCVbK_r3xC6HKN_dOft6iLVg,5
UCbdiD3s1A-6ZtUXUHsZLzfQ,5
UCrFf4Kv-CQxyG__Hvxzc8dQ,5
UC3IKHXGkty6bPCvJkU46PRw,5
UCJ48lH3LktNF0jqaCYer8sQ,5
UCYsfcxMObzjH6KL7FDHEJoA,5
UCeldBm1EjkdTkb0L_heR5MQ,5
UCu4eqsjdkS3_bTBU0auG-qA,5
UCwsaPzxPw8KN5cPNo6s1uIw,5
UCN6h_VaacRMCCPTWjKTW7pA,5
UCizTBognnhbuJslC44phkGA,5
UC7FMDZMIFyuNxyc0ocPU_Kg,5
UCzyMTeMEEJS-VzFIeyHjXCg,5
UCPrMvznzP3fxc_n4425SLKw,5
UCmcQIKVac_NDyWmZ5vCrGkA,5
UCAB7gH8FN4W5RRWLdW6_n1w,5
UC-cEbzUOkZZSF2etZcbmL2w,5
UCFSKMxErKM089i-BPddNjKw,5
UCV8Np-VXrd4umPyXBYm4_VQ,5
UCbKne6Ja7RovPOiaPLpDKeg,5
UCqyAz9fwovv4F1y9otgrSRQ,5
UC2nPD1cV3UyftMs_PWO0b1A,5
UCIlQ5LPPtQHHGshn2czah1Q,5
UCYYzU4o4fcaOcT2IyY8_TQA,5
UCeNefNQCrWuazQ4EyRta-Vw,5
UCttEVtWXs6v0-NxMc-vlQfg,5
UCwJy8FFOyqtihEDR9fjzKYA,5
UC6D4rgpQyRD-iyimyMnL9wA,5
UCMW9ybpij_AZe1km38OcBtQ,5
UCiRp0-EvDg5FeWtftAWDPTg,5
UC77pnz0QGqvMpJZMFTY_zLw,5
UCzmgkiEtmxPOMKlqP-ThdTA,5
UCPhk3xx6E4Uy6swgNOrOH-g,5
UCmG0NBLAonQUqoCF89GtF9A,5
UC9pqyGtnnK7BLVV1aCd2_7Q,5
UC-4jx_4XXlJIjCtBrrU3ybA,5
UCF9y1vQ9IbA85iBgAPKj4mg,5
UCUT3lGMM7wPFoQcAqSBjFrA,5
UCb-MABxch3wm7F7_iNOF5_w,5
UCqUlhJXcorOA4elFy4UF6Cg,5
UCDe1nbAlOkncedsqW-y8tNA,5
UC2RXm99-WUXpUC76K6WrSXA,5
UCINSDxcNofl8Pj0aGlI42DQ,5
UCY1qrEDK378Jay-0ewRfnHw,5
UCe10wQFN1Z5G4vcAn5W4xXA,5
UCtbK81dx8hyDs4YX80gK64A,5
UCw-Y9E6edAA-w0t_rCThmGg,5
UC5mCyt7klm0cRAp4UmcUvTA,5
UCLzfoNwpJhmC2kXb3duDt5g,5
UChrT92QQtYsDHV64DkuhLmA,5
UC6kI9UelZ7W8kOOkv6gLXUA,5
UCzUuGBHfH5RmBPJkDkB69Lw,5
UCPHrqNH-xTdluvJOfRsU0WQ,5
UClmU8-CzEBULTeOdzNkS4HA,5
UC9S88PESIt-gDZvAS-Kt6-Q,5
UCEsCmUi0rOJ4Krhxvy_UzIA,5
UCUB32ZF3KEiT_l5K_xPM-LQ,5
UCaZyZTK97xSw257pUV_7ebg,5
UCq23dJoZHobdst-aLnSSAdg,5
UCDK_9Oatj9aFDfd-9mcN0Ow,5
UC24_LEm6ddEpG60uL7F85AQ,5
UCHkJhOYmzzCqN_wlw6SZtZw,5
UCXrXXLBw21X0bzAp-bnbh9A,5
UCdlDGPRc4EjtN-QnCuzwFKw,5
UCtDf46mXRFVFsweXroap2bw,5
UC5R3E1fjcNgbNPITCzQ35Ag,5
UCLdkip28kXO2UqPX-EJWxOQ,5
UChOBfJ657HFPrSSfovzQ7OQ,5
UCwJy8FFOyqtihEDR9fjzKYA,5
UCiRp0-EvDg5FeWtftAWDPTg,5
UCHXfKvjkFHnAW5wP97cJwjQ,5
UC870IRzMEanbV-hr8HTpRBw,5
UCzmgkiEtmxPOMKlqP-ThdTA,5
UCmG0NBLAonQUqoCF89GtF9A,5
UCoHE2EF9Yyjd7aF01w-4nKA,5
UCKU3OoPCuxKoy9uUQTxxkMQ,5
UCBcrDGLNodQvNZH4FNW_-XA,5
UCb-MABxch3wm7F7_iNOF5_w,5
UCV8Np-VXrd4umPyXBYm4_VQ,5
UC12oTwhIFytkX4-muA1pqkQ,5
UCNt_-TuMGZxyYLIzerXBNkg,5
UCrQnn213QtS65_bNM33-ikQ,5
UCe10wQFN1Z5G4vcAn5W4xXA,5
UCYYzU4o4fcaOcT2IyY8_TQA,5
UC4abpqV-4CEEB_WHiU4HHCA,5
UCQejnt7-QrfuJzZrtVeGiyA,5
UCE26F7kJQ6lH_iYLpsElUFg,5
UCu_3887V1w_sw7o_ADZ3OLA,5
UCw-Y9E6edAA-w0t_rCThmGg,5
UChrT92QQtYsDHV64DkuhLmA,5
UCH4GQz6j6P_DfWzfAFF0vpA,5
UC7kiR8rqM9ojRPLYXV-wa-A,5
UCzUuGBHfH5RmBPJkDkB69Lw,5
UClmU8-CzEBULTeOdzNkS4HA,5
UCKDgRZG-NirGvpd4M5QbKtw,5
UCBNeqMlQ0G7WnaiN3iF-Tpg,5
UCaZyZTK97xSw257pUV_7ebg,5
UCUT3lGMM7wPFoQcAqSBjFrA,5
UC0n3ascyHg4K5TKlFQ8G3EQ,5
UCNOMainYSXUudqKf2Qx_gAA,5
UCrFf4Kv-CQxyG__Hvxzc8dQ,5
UCdlDGPRc4EjtN-QnCuzwFKw,5
UCY1qrEDK378Jay-0ewRfnHw,5
UC3qwIP8oaDnaGH313D_KgBA,5
UCQEpknY-LsmiR5gG3hdKxYQ,5
UCu4eqsjdkS3_bTBU0auG-qA,5
UChOBfJ657HFPrSSfovzQ7OQ,5
UCGjgttrmA86skxVzq5kQcmg,5
UC7WiEMYYclGCpxppbxEvbJw,5
UCzAB_hFiKFqnDcI4HuCyN0A,5
UCl0P2Ib-CRe7TGt1rE_O23A,5
UCJwI5OB7wMX_tw9FKM-ENOA,5
UCAzcKZLOpSCghxKrqNGZMMw,5
UCaINMeCRB3imgr27jG9gOVQ,5
UCUB32ZF3KEiT_l5K_xPM-LQ,5
UC0KGhiH0jj4C56Wt_McL99Q,5
UCN6h_VaacRMCCPTWjKTW7pA,5
UCqyAz9fwovv4F1y9otgrSRQ,5
UCY4kuCJ80voWS73YYEKInWg,5
UC3tOL8JHgdhz4hPU-DKYXNw,5
UCQJxa7TwRe4WkRSnogGIAHw,5
UCu7AsixLY16zx2Kza5Dtkww,5
UChVov1euRXU6HRiv5sYgIxA,5
UCGoJBGIZpiXrYqqArP4IT-Q,5
UCzAC5szml-g7qduV69glqQw,5
UCl0XMtaxdpR9hqPOCwy-beg,5
UCJxgbjgutWnTtEH1jzNzwBg,5
UCB2L7BUketCt3Q4Lx6UiWig,5
UCaP1ncJ1cHGqvRcICbThd-g,5
UCUEE-s77sGZWqLoozx5sz8A,5
UC0LFEzDw6vUN1tDvBvCT6-Q,5
UCN84kddLj2J6OTgKl6Kkt7Q,5
UCqyKzCdztWWXFOqu6Mho9HA,5
UCdNt3F3wM_UBZ_PLwILiNXg,5
UCXt1W1iOXqpIWJl8V1makBA,5
UC3dIsoHGobZWIU7THK3tGQw,5
UCPt9dGQXPX6Edrpa30jgeeA,5
UCtv7INNd4ozitB7jC-1X-NA,5
UCh1E8qvxpe5GxMzxk9Qv6rA,5
UCGMQwcRTinv3DgW609Ovkjg,5
UC7GdYDv6vgIJ38Vykssq7PQ,5
UCkbMYUBTGpaJRPGiI7aMW2Q,5
UCJdlLE6Vr720s4z5QNtuLVA,5
UCAFaAp6NB1c_LeZ-KlVy3aA,5
UCa1MucFcRedNFa9dEmcXWtg,5
UCTbrLOPF6jX__UNHT2GMKTg,5
UC-yCLcv8bFBBOedijWSJkkg,5
UCMcf_INtopidKBjjrtEBRrg,5
UCqVDInNe0qLzDn4dwEALT-g,5
UCcxrqK_bERO9gwkueh19Ptg,5
UCXd9a3ZLaBbeFAz3lZOwkOg,5
UC3L6Bf5L2kpofnyi1_qiaDw,5
UCPiOiRQrMMsuJC5wsGq5MMA,5
UCteFuBM_1ueJCL0m1artT-g,5
UCg2n2aNz5CB7j9kVkrd7-MQ,5
UCgga1fREEsZaTqSJYqo_2sA,5
UCFsudKrNW2LdJWQakWTar1g,5
UC7Ar3UTX9pqTXZKfIO7wfVw,5
UCyYsuYmMG169I14hmnBc0bA,5
UCkDUIn3fvUXSXsGn7ugElwA,5
UCJ4NLqitzzTCaDuq11PXD4Q,5
UC9qTGOH8ouDq18Plox9AGHQ,5
UC_knFr4NEqkxdyjMp8GoQMw,5
UCTCeiaYHmgcREt3S03bAg3A,5
UCnXuFlcjgDhZeDj1fQIMwkA,5
UC-fzzHItEmaRp8NMoBXasQg,5
UCM0ULDdBKDAG-rmstIPK-8g,5
UCq2wzl2Ua9GRwh1-jBMsX_A,5
UChVov1euRXU6HRiv5sYgIxA,5
UCpcouBeuby3l25eGDJZQ7Sw,5
UCFU2o9K37kfh0VHtVQXPWfQ,5
UCMcf_INtopidKBjjrtEBRrg,5
UCVB16vOi24WElLNbbmOFFsA,5
UC7Ar3UTX9pqTXZKfIO7wfVw,5
UCl0XMtaxdpR9hqPOCwy-beg,5
UCsirysZB2oRnHvl5YSL37bQ,5
UCIn1o5oWtvWNRnmD1jiQFGg,5
UCPiOiRQrMMsuJC5wsGq5MMA,5
UCYZTrT9XYtdGZrCC9LCGqoA,5
UC9qTGOH8ouDq18Plox9AGHQ,5
UC-fzzHItEmaRp8NMoBXasQg,5
UCaP1ncJ1cHGqvRcICbThd-g,5
UCxehO0xLz35_dTBR_4guq-Q,5
UCDeSOIuBNis9Nx8jLMJyYfQ,5
UC2vSUNvmHcMyph6W-mfRN5A,5
UCdNt3F3wM_UBZ_PLwILiNXg,5
UC6FdpqS-z5iYU_8_mG9cI6g,5
UCh1E8qvxpe5GxMzxk9Qv6rA,5
UCpIBC7AvA8Jovqk9AP4sfOw,5
UCFGQbK3x3gVKnxjkXeXSy5A,5
UCM0ULDdBKDAG-rmstIPK-8g,5
UCUWcAwH8u8NR6vT1pUuhStA,5
UC6uqxSyfR4vnb--6vjfzU5A,5
UCkbMYUBTGpaJRPGiI7aMW2Q,5
UCsQzy8OvAJhgoQSekJDeJIA,5
UCINVM0I7eHqilcijSBIcCsA,5
UCPIvChSwrAVk3mulJPt281Q,5
UCY4kuCJ80voWS73YYEKInWg,5
UC9ZtbBnhWy1kAtJ87q-o_QA,5
UC-5n3rENHsCuCBVtOS7cMzw,5
UCa1MucFcRedNFa9dEmcXWtg,5
UCwvvdMAL_IQVkeJcmNACwGw,5
UCDRFcMgYsYvtsjCTQpoyYOA,5
UC2YSkjrHkjqW74aVwng_5Lw,5
UCcxrqK_bERO9gwkueh19Ptg,5
UC5qvoaPbeI8wBF_DzU4Lbcw,5
UCg2n2aNz5CB7j9kVkrd7-MQ,5
UCgga1fREEsZaTqSJYqo_2sA,5
UCoxvasUmRNDWGL--9uXDo2Q,5
UCEz6GoWBpJlY4kHPDaOJQ6w,5
UCLfE0bUt77NDsSado-6b2Mg,5
UCUEE-s77sGZWqLoozx5sz8A,5
UCkDUIn3fvUXSXsGn7ugElwA,5
UCrb7blYaPvvrPE9hWHAc8lA,5
UCHoGdZC3mRpm8caJ8Gi1plA,5
UCP3POt7w6ONR-yi7RgyfAKw,5
UCXt1W1iOXqpIWJl8V1makBA,5
UC9IM2pEu2jf4OMLacJ32tvQ,5
UC_knFr4NEqkxdyjMp8GoQMw,5
UCnXuFlcjgDhZeDj1fQIMwkA,5
UCvUhaklTOEwmfX7u2bNeD0Q,5
UCwX_j7LieRNaQ0rgqCAhKtQ,5
UCCr2hPTVLM4-PmJF2OQDMuw,5
UC2Cjji6DPdKxHZqXtDiVpiQ,5
UCcarhClL3UuF19BpiKcIG8g,5
UCzn6BG4X-lzW9PQqoGHRGlw,5
UC5XJnacGMzHFL_DGAePt06A,5
UCff1QdgVV1iFeCi0GdPcqwg,5
UCgWyZOhwXjozIsX0itOomDA,5
UCobxhb4I3-uGpLxqwYaSAaw,5
UCEPOa7RUSGoIdpROYtYy3zA,5
UCLEp9_-cPbHmyJ9dmjcEwCQ,5
UCTbrLOPF6jX__UNHT2GMKTg,5
UCjoB4AqOemLVMb0GVChW6mg,5
UCrSp89WcBAaHv_SVsT0Tsyw,5
UCHYUp4H9h_p5ljRKNk5fZDg,5
UCOiGFaDotEJBX_02vYEUMuQ,5
UCXd9a3ZLaBbeFAz3lZOwkOg,5
UC8eaqurxu_lRbcqu85l3iVg,5
UCnC4jbsQTgqVtX4j-5IQgFw,5
UCue9zuUM9h2uQYOiMlKgEyQ,5
UCw8V1-vKkEWPzMaIJgMICpw,5
UCKXPOCG1DsLe2TmfMGNLpsA,5
UCRu_bgKUZPtu-t29-WXsDBg,5
UCCETDVXgXTdaNij_F2tYaiA,5
UC1ldvNjvkH1BFxS4jWpsv2g,5
UCcMTZJ3NuaiQXMBMz2r6JlA,5
UCzWB36FbRpeXLVmpizMRU2A,5
UC4z7qMOpkdlWDU945-KDywQ,5
UCfE5hpVioVgrEw87yzidr0w,5
UCE8ipsSb8BL7DzamfoO3uhg,5
UCKvYa1SWqJXNqcvlmh7qW0Q,5
UCTCeiaYHmgcREt3S03bAg3A,5
UCjI4KGpwWIBUGVDVp3gJeOQ,5
UCrH1mwj6Yy_2MdpdQQuyAxQ,5
UCH5HohYG8TvMoxA7XhI87UA,5
UCOCIOfX8iDq7t7MHc5WuWUg,5
UCXJSdqdWOFL10qviJy_axjA,5
UC8D1oVrf3SAl0C-wz5bOLng,5
UCmnGA46_uyzCmOQwJxG_nvQ,5
UCu7AsixLY16zx2Kza5Dtkww,5
UCKFHnNCyGr5Il4wkqqrtT1Q,5
UCRUFY2ZCyVOvC-1rJIVZlKg,5
UC_TldKxGU3aZA5rmBkdXBSw,5
UCBld8zTgiY5uPaS0OD27_2A,5
UC15XtnvAiHPHgll2l8KV_gw,5
UCbfnnrsKyh0DriDa8PGjeuQ,5
UCzAC5szml-g7qduV69glqQw,5
UCZsGmXVxiR1qhiVs4F-RvTw,5
UC_nYFFhgy36RWFaC70ySUkg,5
UCEQAemeYn2W_4-mHrHJAS-Q,5
UCDW64bYSha2Fa0lWXHclw_w,5
UCj5lnQLZdbVUuYD9XxXPHiA,5
UCHYgG-eBMUo5tHMfmnbottg,5
UCmcnC87X0doiKsBtVJEOAQw,5
UCfhgybwrBGEuOSVHXADZbmw,5
UCKZFSeG3JIVnFi1jfpZzTHA,5
UCxfRuUTS3jZuYaJ0M7bfHxQ,5
UCNRIdcMjR3t4snOfSq5sVpQ,5
UC1niXF1Af5HyHt2zH3r5TuA,5
UCqzzE23pqCdX8mQxwftqQrg,5
UCWBwrZV7gpsN0UswHoLbQiw,5
UC9Io4j2kf_LqbKp8nwvfHSQ,5
UCQKRmkbOwdcVmoOlt4eGoUg,5
UC5B4w5zRl9QrQiMy4Us1Kog,5
UCtwyDwW6HZg9py8-Cg0DFNA,5
UCZXIpT51Du-MDBLHn-L7ztw,5
UCE8xd33r8SX5kWok59MquVw,5
UCCtpAGvsjHPUFSB_Ix5GvKA,5
UCiXZJsewy9xcIwccgI4yVHA,5
UCcMXcKhp_AYVf_SPCs1JpCA,5
UCHKUUhkAt8EaXYAeLUPn8Sg,5
UCmOba0E0A8Xf98L70pELkJA,5
UCfFnrr49nFp6IyQO9ouI2ag,5
UCKJFRIa_PNd8WrEpP0j8Kfg,5
UCwyVGkzt4PJ_tN5LtY-mJbA,5
UCN8DhwrPhrxa_LhwqJmKcyQ,5
UC16d4b4gNRmPjqaCuOOJVqA,5
UCqWQjy_FC0FuH5_-ittTrrQ,5
UCVdzscXMAOjQQ_O9dwp9smw,5
UC8j2kb9gFbmihpEgANetWJA,5
UCPuR6JPgQJg5pzB3-RktS7A,5
UC4hks00UI5wextQdVkEIB-Q,5
UCteRv19ybEsO0Dch_0yHBcA,5
UCZ7e7KqFfovnRS1U2bPy48w,5
UCCFHLm1I53Utx6L2tmw5Z8w,5
UCi0w1rDGK7-Ew8ZbPd2O9hA,5
UCbv3Bo3KJAMYbIYOxiHmCpg,5
UCGrH5qBmbSCycWLzy-hAtSA,5
UClqusXN0RvV_to7nIJ8UW1g,5
UCerXGqh8P1N4-_ohqEv9pNA,5
UCK3BEzgpNKIf_KOiV35hmIw,5
UCwZajXEH_2InEexoJJfAyWA,5
UCMiA8YbOje9Mf148_jMsHIg,5
UC0v-_PxiGnm7U1W2ubehPtw,5
UCq5Tibl3OdjGBhS74qtIQlg,5
UCVHykctvqUX1fhARnxv10ZA,5
UC8MJKmsgsQej0-1g1D8f4wQ,5
UCznNjQ1e-U01Puhz0cWNm9g,5
UCPjJTX-HcJOEicumBOdZDWQ,5
UC40s5z5yrd02Ngy8nQZXE5w,5
UCtOXFtMxJl8dcrG8istOOww,5
UCYZUXPAaMHiesRfvxlKOkyQ,5
UCBpiftUmkuZOFkQKV4RAizA,5
UChXaRRDmJoKmQvkXCwWj_Ug,5
UCbRbIaCOXfvX7bSU973h0IQ,5
UCGNyqlBfx15sGx_6_8-6Quw,5
UClMj6YrkATf6UDGlfd8qwrQ,5
UCJkvF7XVm4TBbeLd8VsNt2w,5
UCwBwiSuuYcfPc5WkmSw6qtQ,5
UCM5Z7NcA9_GuHlthVXZPSxA,5
UC0SK2WVy_aVAaa14ep6WHCg,5
UCpgH96sW2zjoyxvxzLACSPQ,5
UCUf-8IH7RZU5hfbVeMoompA,5
UCz_ouR71sswPGpl4Fiv31mA,5
UCPIwvtezbHiqdQt0_oyghDg,5
UC3dU5GPoknYi76xMOM3JbUQ,5
UCslIW2gN6O0GC7XZeB6Xa8w,5
UCYEmp-z-66aioJufIVVF-Sw,5
UCBQ--PU3ltv_86COsAPyV7w,5
UCh4dnuJc1Uwm3YtOo_KlFjw,5
UCFv1Oom-YDvewN1lvE40KZg,5
UCkh0kwSNMQPddUgW2Pfs62A,5
UCe7cG0gVpPN0IJZ2lIh3Ajg,5
UCJ78YlNsQWn18Qth20cTnqw,5
UCLgtTFtr18BDCtO99IGVrNw,5
UC0-fiHH0MWrG1JMQi-2YDAQ,5
UCpJHx_UNjHRuM1miNUY18Cg,5
UCUFWK3xptiTjsP69nvjfVUA,5
UC7YnhCfEa2UEQQvQ0V5OQ_w,5
UCzAMyekA1bmg3-8G_tJtkfw,5
UCP4BDh7G5kWhQ2BnkEzWC0A,5
UC3LaieYhkDxMDhQLYlvqynw,5
UCsT0ObJr8dLwzuzTycFnlfQ,5
UCXubhGS-hC8LeFQyel39hFw,5
UCB3KoGEb5UR2nBNoG26QgwQ,5
UCgiAlZ8C1-RHLde9U1Y0yLw,5
UCaaoV1P5_zxFDz64OMHEftg,5
UCFVW-FyndaGWeoPLbMfNHnQ,5
UCkFo00UZyMy-Uy3pMxWGttw,5
UCds_Rwk7PPbBveRG4P6m_8Q,5
UCIo2K71MMfFdfHoO4CQnfhA,5
UCLGpoIL5XEK3ZXeXeJ0sbOw,5
UC-mIV0ls1AyMHr3TcvBfgSg,5
UCnakwDtic09tIuafDNP4q-A,5
UCp-hQA-hCDwGaxFLehEK_DQ,5
UCTcGPCVOjEMnjHyKUciI6Xw,5
UC7MKzk1xlqe9pcsae5u97VA,5
UC2F-iVX7SnKrlkYBn6K8yMg,5
UC8MJKmsgsQej0-1g1D8f4wQ,5
UCINhXRrneYdfhbz8QQka6WA,5
UClqusXN0RvV_to7nIJ8UW1g,5
UC5XvKctSiQQ3NFVSfYJLJWA,5
UCfhgybwrBGEuOSVHXADZbmw,5
UCwZajXEH_2InEexoJJfAyWA,5
UCBpiftUmkuZOFkQKV4RAizA,5
UCM5Z7NcA9_GuHlthVXZPSxA,5
UCq5Tibl3OdjGBhS74qtIQlg,5
UCWBwrZV7gpsN0UswHoLbQiw,5
UCznNjQ1e-U01Puhz0cWNm9g,5
UCPIwvtezbHiqdQt0_oyghDg,5
UCtOXFtMxJl8dcrG8istOOww,5
UCZXIpT51Du-MDBLHn-L7ztw,5
UCEzkfsFkgYWs7RRQ-wBR6xQ,5
UChXaRRDmJoKmQvkXCwWj_Ug,5
UC1niXF1Af5HyHt2zH3r5TuA,5
UCcMXcKhp_AYVf_SPCs1JpCA,5
UCI-0Iod3eF5GgjBDZD99npg,5
UClMj6YrkATf6UDGlfd8qwrQ,5
UC5B4w5zRl9QrQiMy4Us1Kog,5
UCfFnrr49nFp6IyQO9ouI2ag,5
UCwBwiSuuYcfPc5WkmSw6qtQ,5
UCBQ--PU3ltv_86COsAPyV7w,5
UCLgtTFtr18BDCtO99IGVrNw,5
UCpgH96sW2zjoyxvxzLACSPQ,5
UCVdzscXMAOjQQ_O9dwp9smw,5
UCz_ouR71sswPGpl4Fiv31mA,5
UCP4BDh7G5kWhQ2BnkEzWC0A,5
UCslIW2gN6O0GC7XZeB6Xa8w,5
UCZ7e7KqFfovnRS1U2bPy48w,5
UCEQAemeYn2W_4-mHrHJAS-Q,5
UCh4dnuJc1Uwm3YtOo_KlFjw,5
UC16d4b4gNRmPjqaCuOOJVqA,5
UCbv3Bo3KJAMYbIYOxiHmCpg,5
UC7YnhCfEa2UEQQvQ0V5OQ_w,5
UCHYgG-eBMUo5tHMfmnbottg,5
UCkh0kwSNMQPddUgW2Pfs62A,5
UC4hks00UI5wextQdVkEIB-Q,5
UCerXGqh8P1N4-_ohqEv9pNA,5
UCB3KoGEb5UR2nBNoG26QgwQ,5
UCKZFSeG3JIVnFi1jfpZzTHA,5
UCLGpoIL5XEK3ZXeXeJ0sbOw,5
UCpJHx_UNjHRuM1miNUY18Cg,5
UCVHykctvqUX1fhARnxv10ZA,5
UCzAMyekA1bmg3-8G_tJtkfw,5
UCOlBBu6uWYsPkIIi4JZ4cIw,5
UCsT0ObJr8dLwzuzTycFnlfQ,5
UCYZUXPAaMHiesRfvxlKOkyQ,5
UC1BNTyFj6KAeU3fKzTuXhtw,5
UCbyjhEB9zq8_lbzO3nFA1CQ,5
UC7b4AbeME2fPipioiKBLjfA,5
UCH_W0rUBFhWxRjFG4_lgOIg,5
UC4ijBQknjgBzLPMzpVtlMmQ,5
UCeuqg3bz8lMkElBYy4O-Drw,5
UCB65LjSO-nG4CS-e6f8jl8A,5
UCKazUhH9AEihTcDgSMq4oSA,5
UCLIcu2u-d245zmg7KL6bnIA,5
UCpM8r7OGvyeo_RUIAKExz6w,5
UCVLetyeJoMmmSovuU79KubQ,5
UCzCItWumFXjjq9Xrb_lvUqw,5
UCOozNTHk33_oULuYLKhyh0g,5
UCsUGTxM3VOrKKMgYijSebUg,5
UCYZs2x1X0x4INr1ANqy_coA,5
UCEACCCdntJ1stRmCQjPEBeQ,5
UCgo4TxatUpnwAACYRU0Fs4w,5
UCS1XlQ227rZCKjG9lpXymIg,5
UC0vWlUXa-xQwv0Uhd5MvdMA,5
UCbTnteW_GF89O-v17liEAIg,5
UC7MnCiMbUnFsvsEtrayGHxQ,5
UCHLy-Dub9tVIDr4kem6OnYg,5
UCkFu5dUacrJaVIh1bry1Ngw,5
UC41cq7o2wJVl6wd2QO8-Tiw,5
UCAVAfKkC44WyLQk46mHkgTw,5
UCKMmctA8PhYL2Sc6aK5lkbw,5
UCKzDPq4kyFF_eWTipON8L6Q,5
UCnetObvlXO1F5wBOkf1QWwg,5
UCp4Q7A7A78KVq61VRPBJ_GQ,5
UCUlcxLQlj4qMAUcOZC-4HWg,5
UCyzZB-zCayJsVLfRuVWa6aQ,5
UCOMt1fvnOzit21RROrMCecw,5
UCrskM0J-lEsbdnTiaUfohGA,5
UCYH2Xjxs954DOtJ48RE8Duw,5
UCRXZiMRMLbx9RtPbsuBMGiw,5
UCv_jGH9rRBSDanGgQ9XhWgg,5
UC0UXEbX8VV4Cggnxg_f5A_Q,5
UCb66nLy3P7regsqm0e9Jukg,5
UC7C2oMBddupAN_50VFffjBQ,5
UCGy8hMVW_rtvjiHalPp_0qw,5
UCjrwRsuS8-IYifqbOzl_Bkw,5
UCe8nF6gFBOaqPwkhoW49rWQ,5
UC9t4z-VwgIVdxGnSRQLhUDg,5
UCK4KAUy-HAKoEOiE_XXjZAg,5
UCnJqhkrgek2I5rKy7YbLciw,5
UCofinfDNUy7n4aHfO_p71sg,5
UCUFwCe7MUcrkRzPDYFdpreQ,5
UCyZhvlsSoPFFPDj5ueChzrg,5
UCDioXxuKe8HWeL478FAOQ2w,5
UCO-5KuYDSfhITDHyRXAo1Ww,5
UCtegeFdf4ELI-7mSkB5EJEw,5
UC4ijBQknjgBzLPMzpVtlMmQ,5
UCfqBYwjDbe8gPiFoH9JHOHg,5
UCTpruv9I-0Zy-7FFu0-qoIw,5
UC729_Tcmnv7_thRfdVSlk1Q,5
UCFv3F_vRWdTpoOl3bT97E7w,5
UCyZhvlsSoPFFPDj5ueChzrg,5
UCjrwRsuS8-IYifqbOzl_Bkw,5
UCXfdN0pKOdD4YynFQdQONKw,5
UC9cou9VgvGntVGtzs2f0SDg,5
UCJGU0L0qwE88SyqpVKew8eg,5
UCnJqhkrgek2I5rKy7YbLciw,5
UCLIcu2u-d245zmg7KL6bnIA,5
UCDWNg2WpVoi68dzLp7QehKA,5
UCq61tmnsx_iXu-JHNqM-Tug,5
UC0vWlUXa-xQwv0Uhd5MvdMA,5
UCcSSf6NLiboaq62lb6q2PkA,5
UCOozNTHk33_oULuYLKhyh0g,5
UCtOqmT7urIyCKIVpcQ3NCng,5
UC41cq7o2wJVl6wd2QO8-Tiw,5
UCfID92astwm5deddqFs4GZg,5
UCS1XlQ227rZCKjG9lpXymIg,5
UCTNebPM5d6TSxoSvthkCAwA,5
UCFYDfMQcgK-J8UVCAjjZxWQ,5
UCy7k8ADmmkd2uYantuIxzIA,5
UCjM726Lgt4wnoNNPQxobDnQ,5
UCXMZ4cV6o-QoRFO5dCz7bOQ,5
UC9JiNgq-KATpMDp9dVzUZzQ,5
UCItuMhcRq75SLqanUJxdEHg,5
UCmr4qtbzst3g-_fUUgX__Rw,5
UCKzDPq4kyFF_eWTipON8L6Q,5
UC_WQq68cnKTdgbfDCoK6zzA,5
UCCvfzwi4jSaaEzpDtS1uCqg,5
UCpkSJrbJFOOXMiEzbI23-vg,5
UC0UXEbX8VV4Cggnxg_f5A_Q,5
UCbyjhEB9zq8_lbzO3nFA1CQ,5
UCOMt1fvnOzit21RROrMCecw,5
UCsqOzXBX069HnYSgJ_HTxQw,5
UCeuqg3bz8lMkElBYy4O-Drw,5
UCRXZiMRMLbx9RtPbsuBMGiw,5
UCSzM1W7yoUjRy47k_G6mPPw,5
UCxikXTsPTYQzaMhVA23HhgQ,5
UCjAFFirj1OHO2MuC-NZfvSg,5
UCX35JkgOjZAZwZ2sgccZS4w,5
UC8w23FEH1LglqQ69tj3HZ5w,5
UCIUd7c2-N29IZaebbPKHc0w,5
UCmcshaG9nZB_9fwsxva5VxQ,5
UCZtmzIQPRn2iebPDfuP5hSg,5
UCCPnbxyE83QL7Fhy0DB0ONQ,5
UCpM8r7OGvyeo_RUIAKExz6w,5
UC02fPBmeiCsdn8lizDOcbLQ,5
UCbTnteW_GF89O-v17liEAIg,5
UCO-5KuYDSfhITDHyRXAo1Ww,5
UCsUGTxM3VOrKKMgYijSebUg,5
UC3Mcma_R7kPRwYoHEU5yqlw,5
UCQlPj1kHaq72UKrM30x7wVQ,5
UCF-VYfBjb7uupcdELrrB58A,5
UCx0Zs-parY6GIkAFycGc4Dw,5
UCihVyMWjudUuRgDZ1Ju8QZA,5
UCWO-jbvK2g0L8hmgA7nSgUA,5
UC8MONOzQfwNPsDzwny52Mng,5
UCI5LyrU5xtmt5utMwDgF-jg,5
UCmPPTbU_tEgv_tF_hJ4LyTA,5
UCZ_P7tDwJM2RuETOkeXxpJQ,5
UCBqZQkDXhMDLhL6_flBTWcw,5
UCp4Q7A7A78KVq61VRPBJ_GQ,5
UC-mM3_AGLuCPUlTBGAqBNWw,5
UCb66nLy3P7regsqm0e9Jukg,5
UCNfft-3jwhRKiL_t8am_qUA,5
UCrskM0J-lEsbdnTiaUfohGA,5
UC31Q_uUwjOQhZMcovbK6igQ,5
UCe8nF6gFBOaqPwkhoW49rWQ,5
UCQMZBzVYwli2Qpt59B-lfcg,5
UCERT5AoVEwqFHmsNaIYeSCg,5
UCv_jGH9rRBSDanGgQ9XhWgg,5
UCwaGth1BBFf5CgjdjyX_opg,5
UC6MjPTgQT0_oGsBVdX5nZUw,5
UCi6pO9B3kxHLIGXEHJ3laJg,5
UCVi45MCqllaFYjSTP2bO5gA,5
UC7r_hkNSKN22RXRklZsPbWg,5
UCH_W0rUBFhWxRjFG4_lgOIg,5
UCznd7y4CE_AzdVHrN2sa8Ew,5
UClwkY-ymuROuCremgTPVNVQ,5
UCZA9o-0PmHwPZdqyNg163yw,5
UCBQZu9cI5B-qjima89jKv9A,5
UCofinfDNUy7n4aHfO_p71sg,5
UC-6Xczlass5NzsYfNiC4B6w,5
UCKazUhH9AEihTcDgSMq4oSA,5
UCaiW85cp9i9DkupjuIGd6iA,5
UCN8EZxZcuPZjtFGyoEs1r0A,5
UCrT4QXWEa_QaZoufkE1nW6A,5
UC2ZWmqiY0OJHz1QNS4Bj8Eg,5
UCduiLe0-61x4vgcH8E2Minw,5
UCQ0Sz0RafTuXB7-kNGlNqoQ,5
UCEACCCdntJ1stRmCQjPEBeQ,5
UCujFEHlt4hMWo4BNrp2xaCQ,5
UCwF3WRDfUvfhMdisuv7OK4A,5
UC637_MGKjNl0VaYtTL1mL8A,5
UChdU9Q2LB1gaGjG5lf8dRyw,5
UC7vEjdm4EFBGWkOOxxWR6bw,5
UCu0aKD_tvYuhAQff9hCRnxg,5
UCQUYxu3bzt4UtC-b42j2mpQ,5
UCwF5GxLFMMkEjDdky4G-33A,5
UCSzhhX7Jlr5rzUR_MFTDOUQ,5
UC_uhr-B8-kiDtUgXjaPhmjw,5
UC0boJYCv_7IZng-7ipsvzAw,5
UCilG_5BNBXlDgOGMuz-IYJQ,5
UC7CX-YJ14nMNbxSzVcnUqMQ,5
UCzaiKvc-tvgUShpKRfAcv-w,5
UCX4OAcO4jVFBxaLBMXyuN3Q,5
UCceFEQp2pHc90p9-coGr1ZA,5
UC3kUzLIMWMIJKt0n_ZqRs9g,5
UCmQ2t_sqNUOyFLjCipXvCpQ,5
UC9xLi_wsL73NHw6as0_x1Xg,5
UCZwsOhl_T0k2Sgf7S3JReNQ,5
UCfsii5x0N_W7yGmIRK1yxeA,5
UCF0D8qqep7DOl3Ug0DbPrug,5
UCqonh5jTD9DjXsXqtYSWB1w,5
UCDj-ANY9rfOUwPURh37hBVQ,5
UCNCceMuFEDQxb3KOLdtDP7w,5
UCI7qafYFUVDmTkXOjvT-aIQ,5
UCtk6tfRyQZDt7ArbyyqGGkg,5
UCQ1VMMSwYZnxEtbbHCmnJeg,5
UC04Lp4fnMhrFNYM8PWbRiZg,5
UCiBcXqMM2CSOY6OmkuA_j0A,5
UC73DLMOm-BzwF-SelLSuxnw,5
UCzEW1LP-uMB3KFgowzJUlVQ,5
UCWSettoZWYsua_yXbRls6pw,5
UCcTogQMO8a7Bu64K75-2a_w,5
UC3RUCAVD3IizP7725NCc_uA,5
UClxdmTGulJmWXbgphJ6Dt8w,5
UC9inVQNCR-HP99ZOOQayOHA,5
UCZbbFTLEdLGplthKPaJjDqw,5
UCfP4a_p9RyWfqiQkmH59ysg,5
UCEXuqZALgY8R0W_mXVGYfdg,5
UCqKexNL7YoueTlGSNZXoqPQ,5
UCDYP2LlWBzWsQB8k7K0ySfQ,5
UCN-KB4ScQprwOcMevaS0vhA,5
UCHfAlqbhPYaf9Lt0RzgpUaA,5
UCtP6oqueh1gFgk4BAwsTfnA,5
UCPjotP9qDvvTuBSAXdrhBzg,5
UCKg0wHMaW2XY44-6B61mvSA,5
UC-nTthLwoDnJxeeuZAF9aQw,5
UChetQUnY0nfB1a-evwtCRfQ,5
UCz1MWTK8oebif5Sb5nS-Zqg,5
UCVkWtuuNqTYpT26A_xwnKkQ,5
UCbzcrlew8CX9qMf5Sn5bakw,5
UC3Bqgso86ZqqKR2hfQmH_0A,5
UClSiZo83Q1n5Mv6jwyBpupw,5
UC9KK2_sWvZJq7DO7E6ldRWA,5
UCZKGi2kzHJ3CZJW8h8AIDeQ,5
UCex38Vm3iKTuhCMK96GJz1w,5
UCEDmLqbYpMg2cPjVmdbcHdw,5
UC6Mt9a8Mm2ZLrsP9xNOnRpw,5
UCplP8bFs7jqJyGm3XZrQhtg,5
UCD2LcsmNpEjbfOF6Q_hRp-g,5
UCMERFWq7Fw4-VBlrZ9Mhrtw,5
UCHRtKin9tRYPZGHO8JRa1vg,5
UCt-tU8FjjQ9wf6NL_0rEQaQ,5
UCPTmeOSf5H9C12maQ3dRVkg,5
UCKNbgAsFxPikABCpKtPUvyQ,5
UC-9mpnLpsp6O15A4qVSZkaw,5
UCh7gjyYRqRUmhpw5_EHXieA,5
UCyeQ4GzjaE7bz2JZ14GsOVg,5
UCVOIIKdW4k_HHnvBtsGmTbQ,5
UCbXv7KfH7RIqXhqUaBWWVfQ,5
UC2aBQtucR2iIAm_yZhzBPVQ,5
UCkoPr18oHbBQ44GZspeQ9qw,5
UC9-e7NcdqK-ugc1L2YttNWw,5
UCYa264jRXi8ilL7dlqzCBOw,5
UCef5UERSC9yAOTs1wbSTHAQ,5
UC63UJPlX9IF89gK0PC_3naQ,5
UCpQ042HLlA-py8v5SwlMizQ,5
UCCVFWWrigGSqNgVC_JW23Ew,5
UCLorFZ_VW4ykHrir-kahibQ,5
UCH-LyZhErYR2IAXFB4KEetA,5
UCs_-B77ovzBt1eqD-fJU2nw,5
UCPD1ulp3Hh3xZrFXZ8pevog,5
UCK6qF8lMAl4V35ukqZCqC1w,5
UCgpDGTvZ9IqRvFLTf3pL5uA,5
UCyFfmkBm9XuQ3FLA5iEXjOw,5
UCV-f-msELn2ndhssIw19XnQ,5
UCbDPbAfuWag0flTtStNjJBw,5
UC2K8sRze5m27lPGddWX0EXw,5
UCkM8Onz2D0kMAfMt2doFJ3A,5
UC8RYKdY9W3DvmpvapUfsy4g,5
UCYLn1xts4mDfDEZAAZFAk4A,5
UCeAjjWUxhVPNkjRhPd2Zxnw,5
UC5_nDyH-003dh1nZy8lVHlg,5
UCnpL9xSZEFqnjvtt3y4oRYg,5
UCp59X3rwdKopx8DkfJ4J9_Q,5
UCBsVUeDX45EDbWGy3CpzKCQ,5
UCLLOrDyxPV6XZlkcXgn16og,5
UCGUokQa76tVWTNXn6Q7sQNA,5
UCrwpMir1lCdrFUBAjqljkcg,5
UCOwL_fmW6VPIAfJjoRylB5A,5
UCJpkhQcx9u1JPW6b7OGHpPA,5
UCgcZQBWzXrLfr5V2BZwi0hQ,5
UCvdljMHCsy284JEz6hq572w,5
UCS4iURqi5jzugY8QNhZd2Ng,5
UCqKexNL7YoueTlGSNZXoqPQ,5
UC7vEjdm4EFBGWkOOxxWR6bw,5
UCPD1ulp3Hh3xZrFXZ8pevog,5
UC3kUzLIMWMIJKt0n_ZqRs9g,5
UCdyWD_42PFlGYre6GeXWuFg,5
UCtP6oqueh1gFgk4BAwsTfnA,5
UCwF5GxLFMMkEjDdky4G-33A,5
UCBSFolYDITsu8aFt4rnWn9w,5
UCTqWRO7U3xZbDdg28NJYrmA,5
UChetQUnY0nfB1a-evwtCRfQ,5
UCFvF_j17A_D-kUslOhmhlyw,5
UCzaiKvc-tvgUShpKRfAcv-w,5
UCXjObf6AfcuKyyk_u2Sih9w,5
UClSiZo83Q1n5Mv6jwyBpupw,5
UCJGg50qNtOTP4izmXSWCBXw,5
UCLLOrDyxPV6XZlkcXgn16og,5
UC04Lp4fnMhrFNYM8PWbRiZg,5
UCaWChLJF24HDzteT8u0EYnw,5
UCplP8bFs7jqJyGm3XZrQhtg,5
UC7d2UBq_vLX7y67Lxrn1qdg,5
UCOwL_fmW6VPIAfJjoRylB5A,5
UC3RUCAVD3IizP7725NCc_uA,5
UCdclBcD_4FN_yK8Gd3V9I1g,5
UCt-tU8FjjQ9wf6NL_0rEQaQ,5
UCB7nD9Qw055AFHhsDZMEziw,5
UCS4iURqi5jzugY8QNhZd2Ng,5
UCTOmVNKD-Ty2cAKQSrxSbKA,5
UCh7gjyYRqRUmhpw5_EHXieA,5
UCFZqzJGTSFYgJsOE9eI3BRg,5
UCzEW1LP-uMB3KFgowzJUlVQ,5
UCXPAhMl8WYcfxsfxPPHUDFg,5
UCkoPr18oHbBQ44GZspeQ9qw,5
UCIx8Bw7IEaYfioC-40xxx1g,5
UCKznQRJ7VshvJ5mMokjIlHw,5
UC-nTthLwoDnJxeeuZAF9aQw,5
UC__DOF4LkU50LOMyzVe7tDQ,5
UCa32Gu2Wo8EepUHEdLjfRVA,5
UCpQ042HLlA-py8v5SwlMizQ,5
UC7OPkXOadje491mUGcPIhAA,5
UCONiaOuUjibBlDEMAV_VZpg,5
UC3Bqgso86ZqqKR2hfQmH_0A,5
UCd8sXL64mhsyrHrlucW_Dtg,5
UCs_-B77ovzBt1eqD-fJU2nw,5
UCAX2AlCbBbzi0ZCIBSDXBhg,5
UCRcGtDtwXvuBL86zQb2toTw,5
UCSzhhX7Jlr5rzUR_MFTDOUQ,5
UC6Mt9a8Mm2ZLrsP9xNOnRpw,5
UCgD5sLbepUml9BdWCIJvOpw,5
UCgpDGTvZ9IqRvFLTf3pL5uA,5
UCFKuSOAoyRtDsSEMCspy2ZQ,5
UCz1MWTK8oebif5Sb5nS-Zqg,5
UCpzHDnMS67OUSppK_zfIVxg,4
UCdktACSrw2uHkL_cl1VbudQ,4
UCQxWwKL7QF9X9SSAIkU7lHw,4
UCEqMTXfxDXg92qxq1dmzWQw,4
UCGc49DwG_XT5hh097ySbnew,4
UCnXuWcdXFM-4hmRZBVEZLJA,4
UCtX2hL3vMaFL539br_0_hWw,4
UCe2xF5TKhTmoUZBMSA58e9Q,4
UCl-dCiV7ORvkaV-TCyTllqg,4
UC6GmZCjSN_1D0v9qvqVEE5g,4
UCKUHfnNk_9kGED_2WaXrYhA,4
UCsAoyzNVhYYWoQpWjtDAGpw,4
UCn6sOBs6hw-pU-MrMNnNkXw,4
UCsNwhkVM-Ym0fmPozt5o6HQ,4
UCvSQHRx3WZNO6lW7bgoitIw,4
UCKLOR0JsABzXPa2cDhkd9eg,4
UCHM343Zqw-Wsl0pJ_pRziyA,4
UCWK7QBUvQ1JmHTgLTjDsJ8g,4
UCf0Zqg-My4P5YS5N6hXO4Zg,4
UC5dSJc8mJ8k8hFaNr5HnT_A,4
UCtT6bXS1jK2rZ50ilEvYuBw,4
UCFysAvbOEvqhz78t3somv1g,4
UCUdcs-Yxmr4vB53pA3GOCaw,4
UCdmyMpg1SBUfZybNxuFkPcw,4
UC3Z4nXVK8a0Y3D9MroL7gEA,4
UCsJJMwBmHcUSgeaPThsUmKw,4
UCF9cyz5l36Eb4kVpFP5Ud1A,4
UCTWHdoN72SsT1FBBwA_9gdQ,4
UCcqCHOzqi5c0j1tBd0h5j2Q,4
UC2GoVu7sJbGngeZXZNiUd2w,4
UCrGxtX1bMh4RMy6TzAvB3og,4
UCDdl9f5e78Cbu2tCMoEZz4Q,4
UCSxLebKgbS8-QedEMQQtrCA,4
UCbf1HP8rxlJU2Ok8Wa4suEw,4
UC0hE2HJRuFNTtgGL4mnC0ng,4
UCqqqv2bR_PyBGfJ6GK5nyTA,4
UCC9FifQ3SJ-FJ-_nGjN8BiQ,4
UCNbTaBG7jTwn4EMw5m9ceFw,4
UCRyIlw2AsADc7UgdGmc7cZg,4
UCaISFi2OKAa4oYNj0KBFgGA,4
UC042Rdq1ozvYcnkeI4ttT6Q,4
UCp3tyf0FKDitVTuk5T03r9g,4
UCAh0rzFLXEZPsczKpHhcYAg,4
UCyedW6JmIqJ2kR7w8UZIJ5w,4
UCM9xz_OMv6yZwqiYw71MmIA,4
UCRIwQGKmAVetsDE-b1BhBqQ,4
UC_A8A39-o_hcbWa0IpxKIcg,4
UCnxwGgXbrAyjEogAjay-bog,4
UCk70BU_LBo65Bgugsj6-3Yw,4
UC93u-UdFfEX0RD9E4BTZEwg,4
UCxMckCEmlshBDxUM68XYI9A,4
UCPt71Qf78TNlGfnchQDBBwg,4
UCZ0FOQA0YtQE1-2Ow74He_w,4
UCi_Ms8ta3HkNxdYF2WJ8m6A,4
UC8MPzMm2_bWAU-6Ddkp0Sig,4
UCwLEw2tR0_Q10vegPAsos9g,4
UCI8ZWDh0hq53mCgCNTFzfAw,4
UCXVL9RACwiHQuvC1e1c_pNQ,4
UCgX_lkr_Rf9C6KgUHU99vJQ,4
UC6yOrNr7GNBgqziFHezzIDw,4
UCup81AehYGhtSUESAxKnepg,4
UCOS2muz4i1EZeMv0TSU0o-w,4
UCY1greSYoItqNTQWwddm7kQ,4
UCh4dV4_CKhI63JglJGigqfA,4
UC7A7bGRVdIwo93nqnA3x-OQ,4
UCvJKZzKKeM5aDE5oQYV5lmw,4
UCHWxsvjrJ4wWVzSfKB9wTTA,4
UCWKjZQjKyyynKEL_Nk8nJhQ,4
UCfJ6XfdQuY1GEYIVQfft2Pg,4
UC5mV4FGhlUuQ_MNFcruDHtw,4
UCtVlaa_qNL_q567HwAyc4aA,4
UCGG746hJJbH1VcK6Dlu5Wkw,4
UCUe91QHhX8Yfd1tEVs_l6ww,4
UC3_Mh4qQS62CWKp45gqnY2A,4
UCFDpUrDeDK5TRG63xeCQdAQ,4
UCTrTCj-KX-qZmKZFdX08opA,4
UCcqKBNA4ZA5CSEImRI48VKA,4
UC2O69Qurqdd_LMU_dEaZQng,4
UCrLWzd0tTY4cD6K3oYlD3lQ,4
UCDfldzXh5eSu-jlz7IQB8oQ,4
UCSxmj4sQUJr55_Rb_dtJH-w,4
UCc7XaUotwcjP4lW2-bub8RQ,4
UC1Q26URePjbb76wsjwZsjjQ,4
UCqvBLkOO8Q-_fSaT1Jty75g,4
UCCI-zQsuYuvLmPmZEVfgfCQ,4
UCNoTQel1pu9lZcXP5ADOF7w,4
UCS2rW4J_vw0Va-vsGHxId_g,4
UCaQh389MZZHCuyRE3WxfiCQ,4
UC0Fu6RrKR0LNlbZxL44CPdQ,4
UCpAmidP9mEl8MEFrz8-1bFw,4
UCApYlKNymyHZ9dlOCImFVBg,4
UCyextUdR8HFyx0NW_Thn0Bg,4
UCMC9V4U0w_qBO8_A7y6pEYQ,4
UCRK-LY-QiwA_PhWNgZSEDsA,4
UC_PPLxB-Ky6He9vtb1YxoSA,4
UC-5fy20Ws6pGKiPniGWSp_w,4
UCo1e2zlkPYxRoRQRbTkxQgQ,4
UCkYI3DKSpPUBDYr6lPtPjTg,4
UC9FQFiQ-2wWfdel8p_-B1Gw,4
UCxMf13Z2-q6SQCwWbDcmSmg,4
UCaQh389MZZHCuyRE3WxfiCQ,4
UCpAmidP9mEl8MEFrz8-1bFw,4
UCyextUdR8HFyx0NW_Thn0Bg,4
UC7A7bGRVdIwo93nqnA3x-OQ,4
UCRK-LY-QiwA_PhWNgZSEDsA,4
UCHWxsvjrJ4wWVzSfKB9wTTA,4
UC_PPLxB-Ky6He9vtb1YxoSA,4
UCyyXceBLLk-1ug1mO3w3H3A,4
UC7Bjbk5PlrywAY2nHSxCurg,4
UCRKcul-WIUU7B2vODQ_H_qQ,4
UCHcLs1E5uzBreRuH0xGwpWg,4
UC_QFbIgMACq0tuJ_CFdCYlA,4
UCo3PPmz9ajn6BGeUZjCp25Q,4
UCkbL91sUyGwwXofchgiwGDw,4
UCxavYpm91UOgngdMCGQt0Xg,4
UC5riZZ5TocmcqkBB6ARdvXA,4
UCPzN3R0x_SciJJ_FP-STpHQ,4
UCZid1t1kx2mDJuDVKJXfBng,4
UCnQRtfMue33j3osBznCYb_w,4
UCjApQoIBmuiL9lcrKOLnP8w,4
UCwddkXJkrfe-U-cw7PSGp0w,4
UC3dytdn6KMDkm62mnq7ZtgA,4
UCOTsGf8pVHLGH7gRHvileDg,4
UCFIIUbw-N43Z-Phgxogmi0A,4
UCY4d4QuNlICTRZM21-piQag,4
UClFdCERiSy4r2wj5Klf03KQ,4
UChR1jZvjSA1r3n9vYCe5mfQ,4
UC2ULtJYtXH_wE-d4ccYcN_w,4
UCDgktAtUFTrEcMaaubiiygA,4
UCWYGoppQj3q7fDn0tiKvXTA,4
UCfPwtmjVXsByl4z8TT32Lbg,4
UC1WAEoIIcv5Q3bL9UP5mSSQ,4
UCCUqOwZ_RwOo7TACkcniH7A,4
UCUiXCW-LIcIg_timsi_90Qg,4
UCO4Z2VHp90m57eXaAgKYR6g,4
UCeD-Tyxlugpn7tF-jdc2oaA,4
UCsYxWqc-EQLnynHb9okhSpw,4
UC0OW4yPgxmEJhnedG0zcbJQ,4
UCB7w_faMfA2iu8bZlRip2pA,4
UCTt_MxOFetASvh6zePBxV6w,4
UCMESCOJlGewj3fbSVfTHoxQ,4
UCcrkYKl4OHqU2PAcB3Le2bQ,4
UCrNTO6K7H20O7oot2jeGdfA,4
UC-C7nycpin5BFgvJg8hOOvA,4
UC9V_3-A-aboUNwO-yNmCqgQ,4
UCSy_rMiUvN_QYnfhcqAZj1Q,4
UCKXpz9fNYdLf1KtNiyn7V8g,4
UCcLWiQFLAySNg9QjiCIRogg,4
UCqvmWeYIQAVPtaSHhL5H7SQ,4
UC8S13GSwUAq5BVw7UG3BcaQ,4
UCSLjNuhqfkZFWcwx7-JMI6A,4
UCJ1rGFM6TLhJGq5uuH5kg2g,4
UCa_c-GDWvfwrb9IadpydJLQ,4
UCpyWey8v_027ghRI8uu_Ulw,4
UC8TH5Hn4IZi4MhGW8KeIEtw,4
UCSPjtj1IU5GtHxaSMQRHpbg,4
UCJpyS8jOoJK1cRmr6uvN1pg,4
UCahDtRMtHl65Wx9oMi7Ao6g,4
UCyyY4fv60gs9ChuLqFzZCvQ,4
UC7lDcWB9HvRy3D7kvBOXFOA,4
UCRZe5RNsD_rkBcwff7FsW-g,4
UCHrJ0BqSgCzEjlAvh-wJs1w,4
UC_TQUCXSq5IlSdqqoGDlibA,4
UCoLUupNQVCZbe2-vkCdqCpw,4
UCxl8V-WZhFvaSKvw_oLeHRw,4
UC5yypvZ5hpZqLfFZ3dZR7yA,4
UCQUIwxyJ2oFW8XTqKBAIScw,4
UCGo-42CUnerY4l0Uk8abSAA,4
UCZuYrV7_GDJAkv6nKU23Sbw,4
UCnRxAB10CEAhDLa7DBl6nfA,4
UCjMKzzgWNY_TROoopnjfX4g,4
UCwgRvRBZhjEAloN8VeaiSnA,4
UC3jDGxI2BmRRHIQ4S3cgSVw,4
UCOWLA5KwmkTeSo1zVqVA4Sw,4
UCFQ05jrhY0N4JH5K7t-Mtnw,4
UCYDy13Yc98EkFbXcROZsaQQ,4
UClghh0ia2FNWrU8AIHUvQcQ,4
UChmCoFceTL5NxSh0_o-z6jg,4
UCvVro9VlqgUY5xgGwwDCg9w,4
UC2fzIs-C_0SkjzZPi7dlhuQ,4
UCDi0DmL9L0HocNjfraTGdKQ,4
UCWeC7KL_AwgTguFir3fEC1w,4
UCfRoKmsatznAxLXEWOgcQKA,4
UCtpzg9pcXxJZ4pqfg5kIwtQ,4
UC1_zmbW76ac69MUGP_x77Ow,4
UCCcI8nPrZ5z6qSUAX-6ZnmQ,4
UCV3H5eJReR4WSP6i5iirp6w,4
UCeGc3jEN3giJYp4oqWED1HA,4
UCsmJKg_44tYt8vMmnqNswTw,4
UC0QO7Ecmv75MFV_ru89fTeQ,4
UCBEN1kZLjq9AaltbJUceriw,4
UCU9ngGTXLfn7zNUn5zWUZGw,4
UCM_TUZWadECYgEXT4hqguMQ,4
UCcvCsfn3l5MTABVF0_6pAjA,4
UCrVdHidjh1sAnUAyUNCYE5Q,4
UC-_X1qXm3mJgiZUoRMgCOwg,4
UC9cn5pI9VjUDVbT9LnLY7lQ,4
UCSz13daSxO2U7_NWjIKEJSw,4
UCL72NqFKjoX2fV8t_SzRT_w,4
UCcYCi6EwVRkM5rMoL19FCbQ,4
UC5yypvZ5hpZqLfFZ3dZR7yA,4
UCHsRxMUnT65cE1R-uAS_fVA,4
UCrXK4yjQJOqXNkUMX_XOw_Q,4
UCWmUpp_t7q2vkTIH0kXL5xw,4
UCfWpCBTsF4AMCjCk5bA8nZw,4
UC672MLaj5U9_hCnA1gP3V8g,4
UCGpPeJ8-agLZY-SauIKIBuA,4
UCr0ZRgu6YqlWaJ8dVvGZtyQ,4
UCVZ45Tdn6xV2qLZhFOrezFw,4
UCelP0tUWy_v6NyVTxp8FzNQ,4
UC4CGFFW708jB2lOz4R2Ymag,4
UCFSZNbsdrsayAn7Uu_iGN0Q,4
UCqDkNaHGgLcoNEDj54iNqdw,4
UCUB1-8XsrwgXfpfT93HZDYg,4
UCzIl72OwzvDg80MFiDwIWeA,4
UCd2_hljVFKySLyEaUa8f7yA,4
UC2lw2kyLpgJ5RmXO8hKdNMA,4
UCE4cbKo7wSdN0KLURDFOh7Q,4
UCoSrOp0v53DGSClkrHqfBmw,4
UCT3A8n1ocPTcwczBMHWUNnA,4
UCy1k7Y-nYgB6yLNDLJoykYw,4
UCc_2TinbOgb0EhXrdRjxCaw,4
UC1bB4d5Bgv6XnZoN3Lk1qOg,4
UCD1Xud2esk137qi51agrGJA,4
UCnUy_i2yORA5igwVN7AYLuQ,4
UCSRo2XChF9n0E0ty16zh6Hw,4
UCwxTSsLDY7X7N6GcK4ey25Q,4
UCb7cgAw6fybC9aP-UopXIGw,4
UC0SBBci0S1JWL0JHCX5QnZA,4
UCBjtzMcl4x7CvfgepDYW8vw,4
UCluGdQwCQ-SFskv_N51dkVw,4
UCN5F20E98Fgcld8lY_acEDg,4
UCRaUlq0sOo7TWintuT0AYiw,4
UCvWBLIdJoaTXEaOqChb1OoA,4
UC_eYNb2rcoFzjaeW_KnDILA,4
UC-ludgfiE2XhMmZeFMM4bIQ,4
UCAESUN6YqmhYvQPfj0orz0w,4
UCLKp68wTgAwk3ur0bA3hu8Q,4
UCQWh2M5JzoILUYE268RTY9Q,4
UCu5yCEYvYDz020eKXzFCH9g,4
UCZwA6bcDy9cMWRKpOVMIwGg,4
UCji3TZCKaQEZInPfGLn3cPg,4
UC8TdFW17I4OEPenpy7M8vSw,4
UCJrNDaC5HYtuR7hn8ell_4A,4
UCOskSkLWKQJpuSWbqFB1c4w,4
UCsrMcVHT_lHUHHcsAZMDHew,4
UCYZUujsTn8uopC8gwBxXFPQ,4
UChynBEj_X0qgkEe1NrHjypQ,4
UC7wq4kxtd6VhSRn0jmOexVQ,4
UCP22aJhS04PkmET4ZuqedUw,4
UCt-t02m1QA89b9ZsV1VAgeQ,4
UCYaEGfKFqU5eINks8Ey0UTQ,4
UCiD0WR6Wx0uk88qWAdsUs4g,4
UC83sikxky8zl07x_DoAwo6Q,4
UCHyo5d_e15sLE5idzjZe0Ng,4
UCs86f6tbWatcKVt7emv9hfQ,4
UCWxp2Y9JIo4iXAHnvrovB4w,4
UCfn6GyEpILIBzcPckPMrXXg,4
UCGtGsif-3N7LlXE8ptG_bsA,4
UCrARB-k76fZG4z5E_hpyMJA,4
UCVcRKJmdhcGTEXDAnC7KwbA,4
UCelew9wfONsgKeEvZEaLzsQ,4
UC4udLbKqMmrWguTn_pjZi9w,4
UCFWzM08bCqNILVcgjhcqT2w,4
UCqKSVWuhOoUZyhLWdG98EFg,4
UCUUbs64nBkENc6J09o3aUyg,4
UCzr3kECI7BK88MadYQXbsJQ,4
UCdaFGg0dqt0gIWL82Q5UK_g,4
UC2um9MgjkZ1CD6lKsuNQ5XA,4
UCEQNr2aP9UgS8B8cFkYxAjA,4
UCoVfdd-BGgwCInk08Rwv7xw,4
UCTKfW5IxTeY1V-_gy4wYMuA,4
UCy7JvgGFMbzj8OxlkKCBMjw,4
UCcd3XiiPvJilB0ToQ9uQ5LA,4
UC1eCFqwn3Ds6kDnpMYt0oTQ,4
UCD4jfZH8CmKxGtHIJSuKDUg,4
UCSTarTBIgfQfLcTsqo9ARHw,4
UCxCy2SsXj_VFrPcbjy9vJSA,4
UCbPXwjTcE54UJyBAKoGRw_g,4
UC0U9zIsQdMK19Ky43gBPS_A,4
UCBroSxsBtYWhdnxOCQyYt9g,4
UCmS22ctphzYKqniZvhqqBGw,4
UCNPYh205ZpATb9jQpLXxCPg,4
UCRhzdSRZTEbTarHtOpHsq6Q,4
UCvXjxMkAaw-I3D6Ka-jVzkA,4
UC_hABWugb7mHV7JFr4-1VcA,4
UC-paul1Nd8pnK2eAAtxAaYw,4
UCAF5P0_1MFBPbwFnlqXBCDQ,4
UCLwTuHk_ADPfTplKU90hXTg,4
UCud2oS1jvksj2ogcLWFCYbQ,4
UCZzso-nqlGNdF9urBAWoU6Q,4
UCjt-U6psz7ZieiKfeoVFoLg,4
UC8jqnWIyghVwMzUb2mA0tHg,4
UCK43LNUOjcVlE5rUh2hfxRA,4
UCR3M9A2Uded3Ktt-IcFbtPA,4
UCuhOIa6NOc4pfg9BcV9A6Yg,4
UC_2dRndQahDA-0fjQnerkyg,4
UCjvFGRT2XqA1AhqEquzFJNQ,4
UC8pHOwHgsAp2a4KYILgM0qw,4
UCK8tKY2MVoSC0IXyISnHXVQ,4
UCNPhuBO5V7Rj0NqLa4mBnCQ,4
UCR3M9A2Uded3Ktt-IcFbtPA,4
UC_2dRndQahDA-0fjQnerkyg,4
UC-s7Qogbwocsd6r5ws4FyaA,4
UCjvFGRT2XqA1AhqEquzFJNQ,4
UCAShGS4qcNb7cB0fMQkJ_zQ,4
UCM40xYB1XKyXrdHnM1a5fmg,4
UCP3zfZSLOgeslGMIMQ811Ag,4
UCrC82caE0P4tqzA_jEuYpiQ,4
UCYabDXJ2XBNEmVcaOSZl_BA,4
UCiQXSOl-4JLlDTs-k_cqL2A,4
UC8pHOwHgsAp2a4KYILgM0qw,4
UCK8tKY2MVoSC0IXyISnHXVQ,4
UCq_t0kjFMgpBL7APeNtYejg,4
UCXBXHXnzt6gtMcQH0pW6yQw,4
UCzyAITQsMLSunkofWH_K20g,4
UCgGWLLZK_X2wKuCAVmJ6Q5g,4
UC84KcefSrNPR0oiDoS0j_kA,4
UCI2InUWLG30iqY5e2EalvcQ,4
UCojpqyGQLeKg5i9gNn9otvg,4
UCVzL2MQm0nd2rM-v9QDrSvA,4
UCy7T6PXvhkLq0UAF8QBwbjQ,4
UCeu5EypIZ0JW0LyHxtVeztQ,4
UC6Zb58SYs25mnbTtR4ZAr9A,4
UCGvUTWNVtXHS28knrO8FwdQ,4
UCng_IdzlaNL01B9x5VAI8_g,4
UCUVQ3iIdzIVD2QLfaXnXYAg,4
UCxG6MrOfrZFZk4-CL47UimA,4
UCdbByRBDoGJEdO6yjwgaimQ,4
UC5072XDe1tfc79CNCJuNMWQ,4
UCFfY6VGOyqMEB_3UbpihSMw,4
UCmW8ba7QQV66WPJQZh0a8pg,4
UCTKwWN7fYYV-dYAHDTmNjow,4
UCvw7nXdZTlVWIpdeAOipbhg,4
UCcdSj6eyQu5-6f-LqLx_Msw,4
UC38mrZv-qjVWyOs_WObJ9PQ,4
UCScNVHnWOes_qZhjSWsK2Yg,4
UCuhOIa6NOc4pfg9BcV9A6Yg,4
UCbSCDc3AutExBuXQSUMHHAQ,4
UC21kFbD7byARmZ-oCmyuq5Q,4
UCF5YkKGR1X--8b86T5icBqw,4
UCSnxc7AhTPn85T52On4Tc4w,4
UCujWwLQcQNnATF1iHA6Bomg,4
UCbamGXP3BH3d77QpFpOjhLA,4
UC29o1LO2_FAi_NQar3F4-yw,4
UCDJW_dH5VsZyj1-6Gr8Dkrw,4
UCRxwiRE4-l604TROGgEArkA,4
UCtQHJPvhU5Znfqa9IfZ5uXw,4
UCa0A0e6aYt-MgwYng84xsNw,4
UC0avIekb_1u_ipPQmfgc4yg,4
UCC5unHupGeD5yqq4_rK9BEQ,4
UCNXBugcML2CjK2KpEOvSyqA,4
UCRCkJZrZfo6eZwlz15lQewQ,4
UCsCN9HdEXe9nhUx_7bsLppg,4
UC_9DxYZ_4Lhm9ujFvcHryNw,4
UC-wkT_5sVTZKoh4WJuvRgNw,4
UCjzAUXVlBiQwXerRfCkzfeg,4
UCAeya5DrlFjk5N-Q2QkjADA,4
UCM4NJnUo5zi0mGj4RSnpV3Q,4
UCPceuZrm28gFBqBmmLjTooQ,4
UCrDftrcu-_qNYFJ6Xj2vyFQ,4
UCYbBPtS52enSskfHm9-DCaA,4
UCiRRDaHNYKF8eSwhYPu3x4w,4
UC92qVTPrPcdYuzBYC7OuoMA,4
UCKAGtmS3yLI4gZCng68u__A,4
UCqa0PDmiugjAdywm73EQORA,4
UCXO37eA_WGfN18ctqnnt_7g,4
UCzymiMePt_3lCkXCZrkip5A,4
UCgRKTXR7rjChmCDd6PMHSEQ,4
UC8C2xgg5-N44VN-GurRfa-A,4
UCI4hVR6mjB0QRmQ2n51YMyA,4
UCovFcncxlQmGNKvV5FxXRGg,4
UCWHkrlo-waHxCLUzGAVER8A,4
UCyV6eypRezBvS7EzpCtqaJA,4
UCevISkw3UXAWi7BWE8t3k9A,4
UC6jtmVEyT1oh6Lo6BdSTcBg,4
UCH5zBoluu-DiJ0R8CcGedvg,4
UCnnnIEKIwljIUkjQndOhVRg,4
UCUbdy3NLhk3YQ76N_NVYYHA,4
UCxIO_YiE9KaZq6qbqoIucHQ,4
UC5MGJSpvgXAxZ7KS0uecjPg,4
UCFvS3PnHaasTVxKLsgQ2hlA,4
UCmYR11rvfbRFwNA-V9ccaCg,4
UCTRNPsO9ZQq13yDOfM54oRA,4
UCw8nbg14WsHvkYm5Hh3-ucg,4
UCckrd-M1BgxxDlASN6lzj1A,4
UC3LGsPWOj2p6JxP7oRjSl1w,4
UCL30cxyo5E8lk_iOK-aZYOg,3
UCoAAEbqKDnRKt3n9bJZzJ4Q,3
UCRJtb-Qb2xzr1g29CoMVs2A,3
UCNIUbJ1BjqWY7cKDYeaYbSw,3
UC3ETsn9cTinBPwW-vUMT7aA,3
UCeHfSt0ygHjj3D-897auDzw,3
UC3Cpmk8kGKYlAYOS9c6Igfw,3
UCPDRzMkkUEN1Nzd5DmzU8YQ,3
UCxlxCaerNANLmge8IPC2gIA,3
UCfq2K94NGaYIRE703mGNUrA,3
UC0wzKgdczgwcFlHsbylBOfg,3
UCL6bOrADBIG0OCxo44OTkTA,3
UCvUWlu7YCjCZMnmXSTd4q-A,3
UCeBIKsOAAWdew0MU1LAFvBA,3
UCIlO-mBLpPvhJR1iDJ2ScVw,3
UCtg9i4TxyddG5QV5CYZETiQ,3
UCbkBpqd6HHe4-v3t7hnTE_Q,3
UCDVvK7ngis3eOjPcgQE1KRg,3
UCrrXum2CuHcnKUG74ULJYPA,3
UCZmrPgjcq-l3jUGk3pmKBeg,3
UCBCAR4cnCZrmVFB9Uz4lv3w,3
UCqNvCeTObgFm2XO5_oVdy-A,3
UCXzLuHyK_6YvVko6r2SccCQ,3
UC9XrNQF7M7EZO9QdF2kvoIg,3
UCmgLPcnk8tFghjgZ_A4-38g,3
UCWEixf9BXyiQfLws56r27SQ,3
UC632rW4pL7yq4oGLJFfsuVA,3
UCjkioW8uoXORPnl2bi0ATMg,3
UCTF7IXcUVQU-yPXsqW5PIAg,3
UC4a1dbAuhRwTPRNRJ3sRr-Q,3
UCRKi_l9Z5HWbj2vVipWIcSQ,3
UC4te29cKJJX-_Rj_mt5RtYA,3
UChHLGCqHLo5y3rBeHIvW36g,3
UCRLvzFCa0dt1SLTM5xbGrNw,3
UCPEjDK8KhFXr6GOla5ZfK4Q,3
UCxuPfTRAUanX69ik-YRPLwg,3
UCfuFx4-QmRIDi5R1YPvx0Zw,3
UC0xEb3KBP0SZoyN8lOqFRow,3
UCLJ7sTH2gc9ElQl2tVJXYUA,3
UCveDzdjzHlo47lS-3aFksXA,3
UC-FRKMBZ-XLLVHipcYPCjnA,3
UCIlS3p8StCViFfc548qSrmQ,3
UCtpWVIB4ZIVdEEM3VusKk_w,3
UCbt-k_k1deT3PN38SaheIrQ,3
UCDuL7xgYk0yKJ6BJ653qNMw,3
UCryG9x5LYY_ujfrf81RQd_g,3
UC_8cx5ISTSAmOtXoeljL3sw,3
UCBL8P81ucPTAsfalU8cIkIw,3
UCq_kgLyB4tmHsmj1-AGpIUQ,3
UCYbYBeqbr_ycxMvVoCG98Yw,3
UC9YpkutUklIk54ra8MK8-_Q,3
UCnlsofcP_kv2Y5o_Upnyyfg,3
UCWXuGA2GVflOUH6YS3cpJsA,3
UC6K0F33utZ_KZnko18khl-Q,3
UCjr1HaN2Ixvw42DjKoVKdDw,3
UCTHrnLSklgYghASFFdgvD9A,3
UC6kg7LjrHxfJCXLCaPBZ_Rw,3
UCkzsuewZNG09r3jdq1yBZ1w,3
UCTNWzdpykybAFi7FV_mS7tQ,3
UC52ZfO6UKXPSy1i9RC-xBTQ,3
UCi7rhBYU897HD1uEc8HBrOw,3
UCROsJLJzwcdA17lYSz3iKcw,3
UC3TM8aeyR60qzXTIXgSxvVg,3
UCPzHX8wvRDMwAnbJ_MicxGQ,3
UCxvlgkpP5z98LsRudHN_Ucg,3
UCgUIm-EShMCyV9baRT9SW6w,3
UC16DK2sdofXQfShdlf4Bjag,3
UCM2n4y-UxhYr47tGh7Ju2Dw,3
UCwEg2u6UfSIAidQF1t0zLUA,3
UCeTX_LquwLnhx0vPeqycnNA,3
UC-MZ5Rm8JPpXnPoTan1JGdQ,3
UCImcHgkoPtOcvM55s73T2jQ,3
UCtul-Eau6Tova2YIjBT9z6Q,3
UCcNd8KihOqp4Vzx7YCbdTQQ,3
UCFWvSX_Fd5h_NE8yKvS0Izg,3
UCs9wWYxP_GZbP8VsuMGCOqQ,3
UC_OgziLVtGyrlp2EGXreQ7w,3
UCB_83BDYFGs03gv0NaNlS3g,3
UCqdrCcbqeGAFig6MwhKjXng,3
UCZB3CHNHP5tD6S7lV59tS9Q,3
UC9nmYdkVNwUmGQBLnqmqbpA,3
UCnmGsLQWX1T42oZI_SwsY6g,3
UCWeEKramQrMj99uVMelQbtA,3
UC9oC_b1OxJnO90pCUFPl90Q,3
UCWzL2J54-4fmGz-67CmVSGw,3
UC7Pfn1SEmphNP07g7YjeKLg,3
UClCUhw93DqvvXt8dP7lRkEw,3
UCThEzB071JVtZAJP7GK1J5w,3
UC5P_25q11zSWA6wKulI4EeA,3
UCiLztyqy4_EDSnwH5AWvcyA,3
UCRTPHBHpw5hEBXW5yYV33nw,3
UC3fM1AoVwZzbEI5YxvTnIKA,3
UCQ4T4456V9Bp8TBJgaihhMw,3
UCyVOdlIDWk9k26tpQq3CJoQ,3
UC1XBpufUDUtV5Wyl7RFLUqw,3
UCMNH-qVhKOy1Ydvn6nTpOrw,3
UCwHfJhmxx0GBBJNXWafFg6g,3
UCehteXVjm9OhwPbpF35p2CQ,3
UC-Y_6gEbu4sw65fru_zRD_w,3
UCJoNTvHqS1Di1Ur3UOHndyg,3
UCZR6LWoDCIIL5-bu1oMUh-Q,3
UClCUhw93DqvvXt8dP7lRkEw,3
UC9oC_b1OxJnO90pCUFPl90Q,3
UCWzL2J54-4fmGz-67CmVSGw,3
UCiLztyqy4_EDSnwH5AWvcyA,3
UC7Pfn1SEmphNP07g7YjeKLg,3
UCThEzB071JVtZAJP7GK1J5w,3
UC5P_25q11zSWA6wKulI4EeA,3
UCUAzQ_KHyrODSnEppsQDUpw,3
UC5S8XSSQ9lDrYYU6s1BybxA,3
UCyb8GTIJu9MuljeU6vs1aeA,3
UCRnzINdq2bVO7cPoLSEcATQ,3
UC3hHO5VuS4YD_rx6e3eFzLA,3
UCwaP3D1ycIVDAUBu11HQX2g,3
UCQ7yb8eBJOMgvxKnbhWj1Mw,3
UC1_Sku7k1ylGpmedxx-qUXg,3
UCuKry3-zOszGrXpYAhlgYWA,3
UCMOO9PzTj15H85dJGBWEcwQ,3
UCej4JYGp-UphLcxM_yrtHww,3
UC-iakVVcfhokWaVh0Ir8Lpw,3
UCsxZuoQO9HMKc4tazBAbIqg,3
UCKVfmTCTc0_knLba9d8UWZQ,3
UCcxTE9X0pWrTbsFa5NipTYg,3
UCrKyqJEnafvHujqcH12FJ1Q,3
UCGUbQU4sYNqmm_5B2Rroj4A,3
UC_pm96XrJqjN6v5jPchzD3Q,3
UCoXM0RnE0X59pVtunMHjBCw,3
UCC0MIMnQdNWzREHb2LMaLjA,3
UCZa0UL1BPHYjeX7MsAkOR9g,3
UClKaqfC8FknBkbDE92n9nug,3
UC9yCr44yTfX9hmK6AUteVKw,3
UCWzeZL8-tH-i7G3IhPp9O-w,3
UCiR5PAeL8TpbA7bbR58_7cg,3
UC7W2zxRLjrjatz2KoFn_E9A,3
UCi_RzqXuEujY4ji_ZDAag7w,3
UC7sqwzDfJziWWUIaPWP4k6A,3
UCUqQ7sRLNrgMj2WpngWeE9Q,3
UC5SjDrYN9fAgw6t2MI_AVvQ,3
UCygCAFXViJANPETVeaHE8Gg,3
UCS7rpsx_B36LPwhFNKML7Ew,3
UC40QltfnFeDyi1HSp8_IBPA,3
UCwefFuI4Jr2nyDrMcu1dkSw,3
UCQj8o5vibtFdPeR5orzkpBA,3
UC2EFpg8OBlhXDTL74SRnIyQ,3
UCueiF6DcTtUnlYGA_C9RM7w,3
UCMeRLxHHV57eD8hvhvcj9rw,3
UCf4b4sIziV3jVxmG9puREDA,3
UC08TI5fvi8KTaT5JXend4-w,3
UCt3Z1KrLxKlS1MNhg3M0IFw,3
UCKX2rzv6lZoVvzFdeXBZ8rw,3
UCdFeeicYBUBTQAU7TMmOR8g,3
UCrdBHXDF5bre-aKRf_QcQ_A,3
UCG_ZZKYCmkNIOI_hQZXcLIA,3
UCaZCkMgFVy6Ff-eKH4i6CiA,3
UCoYIx7jcaC1NpSRpLfKfBlw,3
UCC8Lgvaqm1dYByccbr8qGwg,3
UCZbNWu84_muRYSqyd6yUpUw,3
UClNfK7hRIPIjIpDi0tS8j0A,3
UC9zjZzmkJ4rY4QGr1XzbsXA,3
UCXDspelgEfUzW-PrqB8q62Q,3
UCm0rgZWu3pPf43ytCFst41Q,3
UCA-xGUKAwHwAiJhaPQMVE8Q,3
UCXd6icLhtHeb9T9YA03JX4A,3
UCitbZ4sJkt3bC7wLhuHagfA,3
UC8dPb4ON_Kyspo62hu_J2dw,3
UCVVS1o0lSndpO9q80IVtcfA,3
UC5_BgT0Kr0pOlwgWpnWL0Ug,3
UCyzXrgzw_RX8YHKKP6FB6NA,3
UCSSWdm56FQi8on0G_6j4J4A,3
UC45V5mHBydGIul8KLQXhsDA,3
UCwt0Dg0h-jxBLW2J0pd57LA,3
UCR1hkx1bedXS-Lybv-v1nOQ,3
UC2TdHmoBCEnTmOsKbyGp15w,3
UCv4D6SmfvkN8TY6PTRhdbUA,3
UCfl5Voxl0zwUGtjpSQiV5JQ,3
UC0sppohg8rrNZmxDwsdOu3Q,3
UCtPsMsxCsoB3X4qfSnoNfHQ,3
UCL2q9hfIu4sYmINyRfOYapA,3
UCdqAtQIxcWJ8P11Kkez0RFw,3
UCrfmu6Hnr1pWsIMIuFXHDvg,3
UCGbgeL9RuDXxaBnE-u8IyPw,3
UCauJiYQYD3DJkEQGDQ8F43w,3
UCpWRZ4mFeZ6PXc2zsaL_nIw,3
UCCsj8yNKOZYpR8j932Non2w,3
UCZcugKYkn9YIqDK_BkGtIpQ,3
UCqFAenJfKyEOL-3SSZ1wL3g,3
UCDITdCw9d3kA_q0EgWZYtAg,3
UCZfeR2Muvd78k7Kq34PrDzg,3
UCmfO8St3y5xNdL71goTJMcw,3
UCASzW_BhzenXWF38sVlCOTA,3
UCXm3mrplDTs83I-FWRL_j-A,3
UCjJzaM7fhlPTmr1nhSywZYA,3
UC8rvbxCrJnsL_gZZajVoNQg,3
UCW6IhZ5tT4jXnWqUAVKDLCQ,3
UC5k4A1n2jGJZp8ClbS8CcyA,3
UCzoYdtq1U0GNwqPmEbVneFg,3
UCSt3p78jrIMXaGh-Gxv6eUg,3
UC4Vau0DXBRFC-LsyRBhX6hA,3
UCx-SnFvoy-MPZ8Ea-jaK1sA,3
UC351yfH4jskbL-ob8FAkveQ,3
UCfmASINcISIoVxhZPSxvOpA,3
UCrni4MW_TL9kxvuw2q9AAYw,3
UC0vNPShz-z8GBGL5FOxeRjw,3
UCe32uxRCVULIxoS941zengw,3
UCqFAenJfKyEOL-3SSZ1wL3g,3
UCI6NdOEXzjpEbaBDGb6txJg,3
UCbShtu3TmQ89iDH17Nrv__Q,3
UCmfO8St3y5xNdL71goTJMcw,3
UCDITdCw9d3kA_q0EgWZYtAg,3
UCo3_7rH1eJJOc-Ri3ug2iYw,2
UCPwcGxorXZ10bCO9c42jNEg,2
UC0qhw3KdajqiUshNfU26-nA,2
UCrxTB5ds8IxyKsHWL6n6AlA,2
UCRYKAEJEvE3GSoAMgWd-dSQ,2
UCSqmr34Y49vzzKPmar9lOgQ,2
UC1Hr64qXZWAIOpx2PsnAu9A,2
UCsePDjnaskK3iZ84tfG2O8A,2
UCtNrGqVAiJVmZvZaqF1mFtw,2
UCYlNbuMnYHBPvL7GxFd-6KA,2
UC3gzd_poK7UFD2LAkwojiaw,2
UCuPmz0AfCwPDLBHoRCicXxw,2
UCcOAV6fSBRra9xJTcEm-MVg,2
UC4ogJegx6joaD83KlA5a3Jw,2
UCvt6Ii-z741f-i7ZyODvnog,2
UCh3bQf20rJnEtiU25vIK2Hg,2
UCB6TvBo9J_6K12-iARSRmrw,2
UCzF7F9dTr2BfJ92x1hG3nYQ,2
UCh3nW44oIZo9ElvoKFkrB1w,2
UCDGAbHoE7WvCCmrwO9P2bYw,2
UCjcseugGw9KpT5-1Mm7dbgg,2
UCDwwJ3W_hwyo9GpVOspvb7g,2
UCsmWTfvXBhaf8K9MOM7VpnQ,1
UCvQBqWekB54F-xXe5claQlg,1
UC0lfYdOqDlLMCQl04uztUOQ,1
UCB5IHrX3wdbj9EiiI_1bXJg,1
UCD4KN9vXFK2Nn2LKQCNk7Cg,1
UCH54t7n_6Vk4rfFYO7mNjQA,1
UCLp5l6rHMkgBK8xxndyPUCw,1
UCmwNJLpuudGrZlvOTF5zTdw,1
UCpitdxDvnYkNT40ubgeEoTQ,1
UC4aiwUeuq4Ax_sqDM5SAj9g,0
UCB_e_UxUs5hJK7g9sJgOExw,0
UCzsWcoXGdP9f1uw8SIUQftA,0
UCcjv09MbluT4LQskO8-GWCw,0
UCRbK8O8IkDH9VWa9PRboQ_g,0
UCLmYtvEyl-kXLgvjy0wGKEA,0
UCMyA6LszFFoEpj1a-mwSyIw,0
UCBam7rbZHakS8UO6_I6-PQA,0
UC1UtoxnTjGDok3azO2rRkCw,0
UCfCthQdvGvIEP4aNlvwDONQ,0
UCURNxht_jYt-Ey59BiTiKpg,0
UCNTfsXCrlKSZu3kaq7lFMDQ,0
UCBrqv6A5HxuvWncu-1SB08w,0
UC1cr_ejM-MY_wJoDL4h6YTA,0
UChuQxkz1aqeuZORCLN-IbJg,0
UCUkM2T5mSSqwoTzKB72V9ng,0
UCVh0vzaKRaoXGP6CI3yIY1A,0
UCNrOPu-GhR-UQH_LB3T5FOw,0
UCFy5SQC3_gG9dqIQv_dXgLw,0
UC2IStAXeLv5ZtdxyA-5IyRg,0
UCoUbquWfeMI2ddvGSqZWnJQ,0
UColsJlNgroT07Rhr_X-_Czw,0
UC_ugQ5fvAC8U88Y6wK8nNHQ,0
UCOclMUtKOH0TLoLFNs66LfQ,0
UCHZF3CZbGrr508jAyY_lDSQ,0
UC2n_JvsOFuUXWoS4RJHgo_A,0
UCp8e2OUstWk86CZq71zZ4tg,0
UCaQJH_USxtdi05nsJ5z3huQ,0
UCOtDJ4ZcGbL_9OKpxkNXiAA,0
UCJQxIcGFMF7vhuFxlnL02SA,0
UCw2q6SjfKz2azkt8LPRSKUA,0
UCbBt4Wu_23-3yBSDcDu4Bjw,0
UCPNunpHUTy8K_BZGVFjkGEQ,0
UCKLhS5Kzdr7jpb8DmTgxAIQ,0
UC75EVOpR63vvcRxnuxUcX1Q,0
UCwiYyOI61SsospZnhTVfH8Q,0
UCcdgzmLKfrGYv-amSSswX3g,0
UCRFeskPspPBRGGJRc39NMDw,0
UCKlVTYN8rlKBdwHEwIBQWIw,0
UC7b2UoNgCM1-ncdEg5Lb9yQ,0
